2026-07-01 16:13:06 | INFO     | __main__ | app.py:154 | Starting Flask application
2026-07-01 16:13:08 | INFO     | __main__ | app.py:154 | Starting Flask application
2026-07-01 16:14:06 | INFO     | __main__ | app.py:60 | Pipeline request received
2026-07-01 16:14:06 | INFO     | __main__ | app.py:80 | Files saved: C:\Users\kanis\AI_Engineering_Drawing_Difference\uploads\temp\c200d7bd0c8f4de88c5770cd68caae48.pdf, C:\Users\kanis\AI_Engineering_Drawing_Difference\uploads\temp\89ab554903d94f6cac739670b6e8bab4.pdf
2026-07-01 16:14:06 | INFO     | modules.preprocess | preprocess.py:221 | Pipeline started: C:\Users\kanis\AI_Engineering_Drawing_Difference\uploads\temp\c200d7bd0c8f4de88c5770cd68caae48.pdf, C:\Users\kanis\AI_Engineering_Drawing_Difference\uploads\temp\89ab554903d94f6cac739670b6e8bab4.pdf
2026-07-01 16:14:06 | INFO     | modules.preprocess | preprocess.py:25 | Loading file: C:\Users\kanis\AI_Engineering_Drawing_Difference\uploads\temp\c200d7bd0c8f4de88c5770cd68caae48.pdf
2026-07-01 16:14:06 | INFO     | modules.preprocess | preprocess.py:25 | Loading file: C:\Users\kanis\AI_Engineering_Drawing_Difference\uploads\temp\89ab554903d94f6cac739670b6e8bab4.pdf
2026-07-01 16:14:07 | INFO     | modules.preprocess | preprocess.py:56 | Resizing images
2026-07-01 16:14:07 | INFO     | modules.preprocess | preprocess.py:90 | Applying Gaussian noise reduction
2026-07-01 16:14:07 | INFO     | modules.preprocess | preprocess.py:113 | Enhancing contrast
2026-07-01 16:14:07 | INFO     | modules.preprocess | preprocess.py:144 | Starting ORB feature alignment
2026-07-01 16:14:08 | INFO     | modules.preprocess | preprocess.py:200 | Normalizing images
2026-07-01 16:14:08 | INFO     | modules.preprocess | preprocess.py:233 | Pipeline completed successfully
2026-07-01 16:14:08 | INFO     | modules.compare | compare.py:143 | Starting image comparison pipeline
2026-07-01 16:14:08 | INFO     | modules.compare | compare.py:18 | Computing SSIM
2026-07-01 16:14:08 | ERROR    | modules.compare | compare.py:33 | SSIM computation failed: Since image dtype is floating point, you must specify the data_range parameter. Please read the documentation carefully (including the note). It is recommended that you always specify the data_range anyway.
2026-07-01 16:14:08 | ERROR    | modules.compare | compare.py:168 | Comparison pipeline failed: Since image dtype is floating point, you must specify the data_range parameter. Please read the documentation carefully (including the note). It is recommended that you always specify the data_range anyway.
2026-07-01 16:14:08 | ERROR    | __main__ | app.py:137 | Pipeline failed: Since image dtype is floating point, you must specify the data_range parameter. Please read the documentation carefully (including the note). It is recommended that you always specify the data_range anyway.
2026-07-01 16:17:11 | INFO     | __main__ | app.py:154 | Starting Flask application
2026-07-01 16:17:12 | INFO     | __main__ | app.py:154 | Starting Flask application
2026-07-01 16:17:37 | INFO     | __main__ | app.py:60 | Pipeline request received
2026-07-01 16:17:37 | INFO     | __main__ | app.py:80 | Files saved: C:\Users\kanis\AI_Engineering_Drawing_Difference\uploads\temp\6732614edcff4aa1be0a012b8feed072.pdf, C:\Users\kanis\AI_Engineering_Drawing_Difference\uploads\temp\7fbf66f933384f9da3e0ece73544e61b.pdf
2026-07-01 16:17:37 | INFO     | modules.preprocess | preprocess.py:221 | Pipeline started: C:\Users\kanis\AI_Engineering_Drawing_Difference\uploads\temp\6732614edcff4aa1be0a012b8feed072.pdf, C:\Users\kanis\AI_Engineering_Drawing_Difference\uploads\temp\7fbf66f933384f9da3e0ece73544e61b.pdf
2026-07-01 16:17:37 | INFO     | modules.preprocess | preprocess.py:25 | Loading file: C:\Users\kanis\AI_Engineering_Drawing_Difference\uploads\temp\6732614edcff4aa1be0a012b8feed072.pdf
2026-07-01 16:17:37 | INFO     | modules.preprocess | preprocess.py:25 | Loading file: C:\Users\kanis\AI_Engineering_Drawing_Difference\uploads\temp\7fbf66f933384f9da3e0ece73544e61b.pdf
2026-07-01 16:17:37 | INFO     | modules.preprocess | preprocess.py:56 | Resizing images
2026-07-01 16:17:37 | INFO     | modules.preprocess | preprocess.py:90 | Applying Gaussian noise reduction
2026-07-01 16:17:37 | INFO     | modules.preprocess | preprocess.py:113 | Enhancing contrast
2026-07-01 16:17:37 | INFO     | modules.preprocess | preprocess.py:144 | Starting ORB feature alignment
2026-07-01 16:17:38 | INFO     | modules.preprocess | preprocess.py:200 | Normalizing images
2026-07-01 16:17:38 | INFO     | modules.preprocess | preprocess.py:233 | Pipeline completed successfully
2026-07-01 16:17:38 | INFO     | modules.compare | compare.py:157 | Starting image comparison pipeline
2026-07-01 16:17:38 | INFO     | modules.compare | compare.py:18 | Computing SSIM
2026-07-01 16:17:38 | INFO     | modules.compare | compare.py:56 | Applying thresholding
2026-07-01 16:17:38 | INFO     | modules.compare | compare.py:76 | Applying morphological operations
2026-07-01 16:17:38 | INFO     | modules.compare | compare.py:94 | Extracting contours
2026-07-01 16:17:38 | INFO     | modules.compare | compare.py:128 | Computing statistics
2026-07-01 16:17:38 | INFO     | modules.compare | compare.py:175 | Comparison done | SSIM=0.9115 | Regions=30
2026-07-01 16:17:38 | INFO     | modules.summary | summary.py:23 | Generating engineering drawing summary
2026-07-01 16:17:38 | INFO     | modules.summary | summary.py:72 | Summary generation completed successfully
2026-07-01 16:17:38 | INFO     | modules.visualization | visualization.py:172 | Generating visualizations
2026-07-01 16:17:38 | INFO     | modules.visualization | visualization.py:36 | Drawing bounding boxes
2026-07-01 16:17:39 | INFO     | modules.visualization | visualization.py:152 | Saved image: C:\Users\kanis\AI_Engineering_Drawing_Difference\outputs\highlighted\boxes.png
2026-07-01 16:17:39 | INFO     | modules.visualization | visualization.py:63 | Creating heatmap
2026-07-01 16:17:39 | INFO     | modules.visualization | visualization.py:152 | Saved image: C:\Users\kanis\AI_Engineering_Drawing_Difference\outputs\highlighted\heatmap.png
2026-07-01 16:17:39 | INFO     | modules.visualization | visualization.py:82 | Creating overlay
2026-07-01 16:17:39 | INFO     | modules.visualization | visualization.py:63 | Creating heatmap
2026-07-01 16:17:39 | ERROR    | modules.visualization | visualization.py:99 | Overlay failed: OpenCV(4.10.0) D:\a\opencv-python\opencv-python\opencv\modules\core\src\arithm.cpp:685: error: (-5:Bad argument) When the input arrays in add/subtract/multiply/divide functions have different types, the output array type must be explicitly specified in function 'cv::arithm_op'

2026-07-01 16:17:39 | ERROR    | modules.visualization | visualization.py:197 | Visualization pipeline failed: OpenCV(4.10.0) D:\a\opencv-python\opencv-python\opencv\modules\core\src\arithm.cpp:685: error: (-5:Bad argument) When the input arrays in add/subtract/multiply/divide functions have different types, the output array type must be explicitly specified in function 'cv::arithm_op'

2026-07-01 16:17:39 | ERROR    | __main__ | app.py:137 | Pipeline failed: OpenCV(4.10.0) D:\a\opencv-python\opencv-python\opencv\modules\core\src\arithm.cpp:685: error: (-5:Bad argument) When the input arrays in add/subtract/multiply/divide functions have different types, the output array type must be explicitly specified in function 'cv::arithm_op'

2026-07-01 16:19:34 | INFO     | __main__ | app.py:154 | Starting Flask application
2026-07-01 16:19:35 | INFO     | __main__ | app.py:154 | Starting Flask application
2026-07-01 16:19:55 | INFO     | __main__ | app.py:60 | Pipeline request received
2026-07-01 16:19:55 | INFO     | __main__ | app.py:80 | Files saved: C:\Users\kanis\AI_Engineering_Drawing_Difference\uploads\temp\79a1e5de1d0547a7afbcb62c7e690e26.pdf, C:\Users\kanis\AI_Engineering_Drawing_Difference\uploads\temp\7ca9af89eac94ed3b812615709775e42.pdf
2026-07-01 16:19:55 | INFO     | modules.preprocess | preprocess.py:221 | Pipeline started: C:\Users\kanis\AI_Engineering_Drawing_Difference\uploads\temp\79a1e5de1d0547a7afbcb62c7e690e26.pdf, C:\Users\kanis\AI_Engineering_Drawing_Difference\uploads\temp\7ca9af89eac94ed3b812615709775e42.pdf
2026-07-01 16:19:55 | INFO     | modules.preprocess | preprocess.py:25 | Loading file: C:\Users\kanis\AI_Engineering_Drawing_Difference\uploads\temp\79a1e5de1d0547a7afbcb62c7e690e26.pdf
2026-07-01 16:19:55 | INFO     | modules.preprocess | preprocess.py:25 | Loading file: C:\Users\kanis\AI_Engineering_Drawing_Difference\uploads\temp\7ca9af89eac94ed3b812615709775e42.pdf
2026-07-01 16:19:55 | INFO     | modules.preprocess | preprocess.py:56 | Resizing images
2026-07-01 16:19:55 | INFO     | modules.preprocess | preprocess.py:90 | Applying Gaussian noise reduction
2026-07-01 16:19:55 | INFO     | modules.preprocess | preprocess.py:113 | Enhancing contrast
2026-07-01 16:19:55 | INFO     | modules.preprocess | preprocess.py:144 | Starting ORB feature alignment
2026-07-01 16:19:56 | INFO     | modules.preprocess | preprocess.py:200 | Normalizing images
2026-07-01 16:19:56 | INFO     | modules.preprocess | preprocess.py:233 | Pipeline completed successfully
2026-07-01 16:19:56 | INFO     | modules.compare | compare.py:157 | Starting image comparison pipeline
2026-07-01 16:19:56 | INFO     | modules.compare | compare.py:18 | Computing SSIM
2026-07-01 16:19:56 | INFO     | modules.compare | compare.py:56 | Applying thresholding
2026-07-01 16:19:56 | INFO     | modules.compare | compare.py:76 | Applying morphological operations
2026-07-01 16:19:56 | INFO     | modules.compare | compare.py:94 | Extracting contours
2026-07-01 16:19:56 | INFO     | modules.compare | compare.py:128 | Computing statistics
2026-07-01 16:19:56 | INFO     | modules.compare | compare.py:175 | Comparison done | SSIM=0.9115 | Regions=30
2026-07-01 16:19:56 | INFO     | modules.summary | summary.py:23 | Generating engineering drawing summary
2026-07-01 16:19:56 | INFO     | modules.summary | summary.py:72 | Summary generation completed successfully
2026-07-01 16:19:56 | INFO     | modules.visualization | visualization.py:184 | Generating visualizations
2026-07-01 16:19:56 | INFO     | modules.visualization | visualization.py:35 | Drawing bounding boxes
2026-07-01 16:19:56 | INFO     | modules.visualization | visualization.py:164 | Saved image: C:\Users\kanis\AI_Engineering_Drawing_Difference\outputs\highlighted\boxes.png
2026-07-01 16:19:56 | INFO     | modules.visualization | visualization.py:62 | Creating heatmap
2026-07-01 16:19:56 | INFO     | modules.visualization | visualization.py:164 | Saved image: C:\Users\kanis\AI_Engineering_Drawing_Difference\outputs\highlighted\heatmap.png
2026-07-01 16:19:56 | INFO     | modules.visualization | visualization.py:90 | Creating overlay
2026-07-01 16:19:56 | INFO     | modules.visualization | visualization.py:62 | Creating heatmap
2026-07-01 16:19:56 | INFO     | modules.visualization | visualization.py:164 | Saved image: C:\Users\kanis\AI_Engineering_Drawing_Difference\outputs\highlighted\overlay.png
2026-07-01 16:19:56 | INFO     | modules.visualization | visualization.py:124 | Creating side-by-side comparison
2026-07-01 16:19:56 | INFO     | modules.visualization | visualization.py:164 | Saved image: C:\Users\kanis\AI_Engineering_Drawing_Difference\outputs\highlighted\side_by_side.png
2026-07-01 16:19:56 | INFO     | modules.visualization | visualization.py:204 | Visualization pipeline completed successfully
2026-07-01 16:19:56 | INFO     | modules.report_generator | report_generator.py:27 | Generating reports (TXT + JSON)
2026-07-01 16:19:56 | INFO     | modules.report_generator | report_generator.py:42 | Report generation completed
2026-07-01 16:19:56 | INFO     | __main__ | app.py:127 | Pipeline completed successfully
2026-07-01 16:22:50 | INFO     | __main__ | app.py:154 | Starting Flask application
2026-07-01 16:22:51 | INFO     | __main__ | app.py:154 | Starting Flask application
2026-07-01 16:23:14 | INFO     | __main__ | app.py:60 | Pipeline request received
2026-07-01 16:23:14 | INFO     | __main__ | app.py:80 | Files saved: C:\Users\kanis\AI_Engineering_Drawing_Difference\uploads\temp\b96be7cdb5a245a6b559be7fc31ba402.pdf, C:\Users\kanis\AI_Engineering_Drawing_Difference\uploads\temp\411a9fa55e484abc899aa8292e8396ad.pdf
2026-07-01 16:23:14 | INFO     | modules.preprocess | preprocess.py:221 | Pipeline started: C:\Users\kanis\AI_Engineering_Drawing_Difference\uploads\temp\b96be7cdb5a245a6b559be7fc31ba402.pdf, C:\Users\kanis\AI_Engineering_Drawing_Difference\uploads\temp\411a9fa55e484abc899aa8292e8396ad.pdf
2026-07-01 16:23:14 | INFO     | modules.preprocess | preprocess.py:25 | Loading file: C:\Users\kanis\AI_Engineering_Drawing_Difference\uploads\temp\b96be7cdb5a245a6b559be7fc31ba402.pdf
2026-07-01 16:23:14 | INFO     | modules.preprocess | preprocess.py:25 | Loading file: C:\Users\kanis\AI_Engineering_Drawing_Difference\uploads\temp\411a9fa55e484abc899aa8292e8396ad.pdf
2026-07-01 16:23:14 | INFO     | modules.preprocess | preprocess.py:56 | Resizing images
2026-07-01 16:23:14 | INFO     | modules.preprocess | preprocess.py:90 | Applying Gaussian noise reduction
2026-07-01 16:23:15 | INFO     | modules.preprocess | preprocess.py:113 | Enhancing contrast
2026-07-01 16:23:15 | INFO     | modules.preprocess | preprocess.py:144 | Starting ORB feature alignment
2026-07-01 16:23:15 | INFO     | modules.preprocess | preprocess.py:200 | Normalizing images
2026-07-01 16:23:15 | INFO     | modules.preprocess | preprocess.py:233 | Pipeline completed successfully
2026-07-01 16:23:15 | INFO     | modules.compare | compare.py:157 | Starting image comparison pipeline
2026-07-01 16:23:15 | INFO     | modules.compare | compare.py:18 | Computing SSIM
2026-07-01 16:23:15 | INFO     | modules.compare | compare.py:56 | Applying thresholding
2026-07-01 16:23:15 | INFO     | modules.compare | compare.py:76 | Applying morphological operations
2026-07-01 16:23:15 | INFO     | modules.compare | compare.py:94 | Extracting contours
2026-07-01 16:23:15 | INFO     | modules.compare | compare.py:128 | Computing statistics
2026-07-01 16:23:15 | INFO     | modules.compare | compare.py:175 | Comparison done | SSIM=0.9115 | Regions=30
2026-07-01 16:23:15 | INFO     | modules.summary | summary.py:23 | Generating engineering drawing summary
2026-07-01 16:23:15 | INFO     | modules.summary | summary.py:72 | Summary generation completed successfully
2026-07-01 16:23:15 | INFO     | modules.visualization | visualization.py:184 | Generating visualizations
2026-07-01 16:23:15 | INFO     | modules.visualization | visualization.py:35 | Drawing bounding boxes
2026-07-01 16:23:15 | INFO     | modules.visualization | visualization.py:164 | Saved image: C:\Users\kanis\AI_Engineering_Drawing_Difference\outputs\highlighted\boxes.png
2026-07-01 16:23:15 | INFO     | modules.visualization | visualization.py:62 | Creating heatmap
2026-07-01 16:23:15 | INFO     | modules.visualization | visualization.py:164 | Saved image: C:\Users\kanis\AI_Engineering_Drawing_Difference\outputs\highlighted\heatmap.png
2026-07-01 16:23:15 | INFO     | modules.visualization | visualization.py:90 | Creating overlay
2026-07-01 16:23:15 | INFO     | modules.visualization | visualization.py:62 | Creating heatmap
2026-07-01 16:23:15 | INFO     | modules.visualization | visualization.py:164 | Saved image: C:\Users\kanis\AI_Engineering_Drawing_Difference\outputs\highlighted\overlay.png
2026-07-01 16:23:15 | INFO     | modules.visualization | visualization.py:124 | Creating side-by-side comparison
2026-07-01 16:23:15 | INFO     | modules.visualization | visualization.py:164 | Saved image: C:\Users\kanis\AI_Engineering_Drawing_Difference\outputs\highlighted\side_by_side.png
2026-07-01 16:23:15 | INFO     | modules.visualization | visualization.py:204 | Visualization pipeline completed successfully
2026-07-01 16:23:15 | INFO     | modules.report_generator | report_generator.py:27 | Generating reports (TXT + JSON)
2026-07-01 16:23:15 | INFO     | modules.report_generator | report_generator.py:42 | Report generation completed
2026-07-01 16:23:15 | INFO     | __main__ | app.py:127 | Pipeline completed successfully
2026-07-01 16:32:52 | INFO     | __main__ | app.py:152 | Starting Flask app
2026-07-01 16:32:52 | INFO     | __main__ | app.py:152 | Starting Flask app
2026-07-01 16:33:16 | INFO     | __main__ | app.py:68 | Pipeline started
2026-07-01 16:33:16 | INFO     | __main__ | app.py:84 | Saved files: C:\Users\kanis\AI_Engineering_Drawing_Difference\uploads\temp\60b03cd092354f31b56aaef16df7ff07.pdf, C:\Users\kanis\AI_Engineering_Drawing_Difference\uploads\temp\febb16cf5fb34b64a4019313ff13c2f3.pdf
2026-07-01 16:33:16 | INFO     | modules.preprocess | preprocess.py:221 | Pipeline started: C:\Users\kanis\AI_Engineering_Drawing_Difference\uploads\temp\60b03cd092354f31b56aaef16df7ff07.pdf, C:\Users\kanis\AI_Engineering_Drawing_Difference\uploads\temp\febb16cf5fb34b64a4019313ff13c2f3.pdf
2026-07-01 16:33:16 | INFO     | modules.preprocess | preprocess.py:25 | Loading file: C:\Users\kanis\AI_Engineering_Drawing_Difference\uploads\temp\60b03cd092354f31b56aaef16df7ff07.pdf
2026-07-01 16:33:16 | INFO     | modules.preprocess | preprocess.py:25 | Loading file: C:\Users\kanis\AI_Engineering_Drawing_Difference\uploads\temp\febb16cf5fb34b64a4019313ff13c2f3.pdf
2026-07-01 16:33:16 | INFO     | modules.preprocess | preprocess.py:56 | Resizing images
2026-07-01 16:33:16 | INFO     | modules.preprocess | preprocess.py:90 | Applying Gaussian noise reduction
2026-07-01 16:33:16 | INFO     | modules.preprocess | preprocess.py:113 | Enhancing contrast
2026-07-01 16:33:16 | INFO     | modules.preprocess | preprocess.py:144 | Starting ORB feature alignment
2026-07-01 16:33:17 | INFO     | modules.preprocess | preprocess.py:200 | Normalizing images
2026-07-01 16:33:18 | INFO     | modules.preprocess | preprocess.py:233 | Pipeline completed successfully
2026-07-01 16:33:18 | INFO     | modules.compare | compare.py:157 | Starting image comparison pipeline
2026-07-01 16:33:18 | INFO     | modules.compare | compare.py:18 | Computing SSIM
2026-07-01 16:33:18 | INFO     | modules.compare | compare.py:56 | Applying thresholding
2026-07-01 16:33:18 | INFO     | modules.compare | compare.py:76 | Applying morphological operations
2026-07-01 16:33:18 | INFO     | modules.compare | compare.py:94 | Extracting contours
2026-07-01 16:33:18 | INFO     | modules.compare | compare.py:128 | Computing statistics
2026-07-01 16:33:18 | INFO     | modules.compare | compare.py:175 | Comparison done | SSIM=0.9115 | Regions=30
2026-07-01 16:33:18 | INFO     | modules.summary | summary.py:23 | Generating engineering drawing summary
2026-07-01 16:33:18 | INFO     | modules.summary | summary.py:72 | Summary generation completed successfully
2026-07-01 16:33:18 | INFO     | modules.visualization | visualization.py:184 | Generating visualizations
2026-07-01 16:33:18 | INFO     | modules.visualization | visualization.py:35 | Drawing bounding boxes
2026-07-01 16:33:18 | INFO     | modules.visualization | visualization.py:164 | Saved image: C:\Users\kanis\AI_Engineering_Drawing_Difference\outputs\highlighted\boxes.png
2026-07-01 16:33:18 | INFO     | modules.visualization | visualization.py:62 | Creating heatmap
2026-07-01 16:33:18 | INFO     | modules.visualization | visualization.py:164 | Saved image: C:\Users\kanis\AI_Engineering_Drawing_Difference\outputs\highlighted\heatmap.png
2026-07-01 16:33:18 | INFO     | modules.visualization | visualization.py:90 | Creating overlay
2026-07-01 16:33:18 | INFO     | modules.visualization | visualization.py:62 | Creating heatmap
2026-07-01 16:33:18 | INFO     | modules.visualization | visualization.py:164 | Saved image: C:\Users\kanis\AI_Engineering_Drawing_Difference\outputs\highlighted\overlay.png
2026-07-01 16:33:18 | INFO     | modules.visualization | visualization.py:124 | Creating side-by-side comparison
2026-07-01 16:33:18 | INFO     | modules.visualization | visualization.py:164 | Saved image: C:\Users\kanis\AI_Engineering_Drawing_Difference\outputs\highlighted\side_by_side.png
2026-07-01 16:33:18 | INFO     | modules.visualization | visualization.py:204 | Visualization pipeline completed successfully
2026-07-01 16:33:18 | INFO     | modules.report_generator | report_generator.py:27 | Generating reports (TXT + JSON)
2026-07-01 16:33:18 | INFO     | modules.report_generator | report_generator.py:42 | Report generation completed
2026-07-01 16:33:18 | INFO     | __main__ | app.py:128 | Pipeline completed successfully
2026-07-01 16:37:24 | INFO     | __main__ | app.py:155 | Starting Flask app
2026-07-01 16:41:09 | INFO     | __main__ | app.py:155 | Starting Flask app
2026-07-01 16:41:09 | INFO     | __main__ | app.py:155 | Starting Flask app
2026-07-01 16:41:31 | INFO     | __main__ | app.py:68 | Pipeline started
2026-07-01 16:41:31 | INFO     | __main__ | app.py:84 | Saved files: C:\Users\kanis\AI_Engineering_Drawing_Difference\uploads\temp\34671067b56448e49bf76acf5602019d.pdf, C:\Users\kanis\AI_Engineering_Drawing_Difference\uploads\temp\2005679948ae49a3b6e0bfc58e8a33ff.pdf
2026-07-01 16:41:31 | INFO     | modules.preprocess | preprocess.py:221 | Pipeline started: C:\Users\kanis\AI_Engineering_Drawing_Difference\uploads\temp\34671067b56448e49bf76acf5602019d.pdf, C:\Users\kanis\AI_Engineering_Drawing_Difference\uploads\temp\2005679948ae49a3b6e0bfc58e8a33ff.pdf
2026-07-01 16:41:31 | INFO     | modules.preprocess | preprocess.py:25 | Loading file: C:\Users\kanis\AI_Engineering_Drawing_Difference\uploads\temp\34671067b56448e49bf76acf5602019d.pdf
2026-07-01 16:41:31 | INFO     | modules.preprocess | preprocess.py:25 | Loading file: C:\Users\kanis\AI_Engineering_Drawing_Difference\uploads\temp\2005679948ae49a3b6e0bfc58e8a33ff.pdf
2026-07-01 16:41:31 | INFO     | modules.preprocess | preprocess.py:56 | Resizing images
2026-07-01 16:41:31 | INFO     | modules.preprocess | preprocess.py:90 | Applying Gaussian noise reduction
2026-07-01 16:41:31 | INFO     | modules.preprocess | preprocess.py:113 | Enhancing contrast
2026-07-01 16:41:31 | INFO     | modules.preprocess | preprocess.py:144 | Starting ORB feature alignment
2026-07-01 16:41:32 | INFO     | modules.preprocess | preprocess.py:200 | Normalizing images
2026-07-01 16:41:33 | INFO     | modules.preprocess | preprocess.py:233 | Pipeline completed successfully
2026-07-01 16:41:33 | INFO     | modules.compare | compare.py:157 | Starting image comparison pipeline
2026-07-01 16:41:33 | INFO     | modules.compare | compare.py:18 | Computing SSIM
2026-07-01 16:41:33 | INFO     | modules.compare | compare.py:56 | Applying thresholding
2026-07-01 16:41:33 | INFO     | modules.compare | compare.py:76 | Applying morphological operations
2026-07-01 16:41:33 | INFO     | modules.compare | compare.py:94 | Extracting contours
2026-07-01 16:41:33 | INFO     | modules.compare | compare.py:128 | Computing statistics
2026-07-01 16:41:33 | INFO     | modules.compare | compare.py:175 | Comparison done | SSIM=0.9115 | Regions=30
2026-07-01 16:41:33 | INFO     | modules.summary | summary.py:23 | Generating engineering drawing summary
2026-07-01 16:41:33 | INFO     | modules.summary | summary.py:72 | Summary generation completed successfully
2026-07-01 16:41:33 | INFO     | modules.visualization | visualization.py:184 | Generating visualizations
2026-07-01 16:41:33 | INFO     | modules.visualization | visualization.py:35 | Drawing bounding boxes
2026-07-01 16:41:33 | INFO     | modules.visualization | visualization.py:164 | Saved image: C:\Users\kanis\AI_Engineering_Drawing_Difference\outputs\highlighted\boxes.png
2026-07-01 16:41:33 | INFO     | modules.visualization | visualization.py:62 | Creating heatmap
2026-07-01 16:41:33 | INFO     | modules.visualization | visualization.py:164 | Saved image: C:\Users\kanis\AI_Engineering_Drawing_Difference\outputs\highlighted\heatmap.png
2026-07-01 16:41:33 | INFO     | modules.visualization | visualization.py:90 | Creating overlay
2026-07-01 16:41:33 | INFO     | modules.visualization | visualization.py:62 | Creating heatmap
2026-07-01 16:41:33 | INFO     | modules.visualization | visualization.py:164 | Saved image: C:\Users\kanis\AI_Engineering_Drawing_Difference\outputs\highlighted\overlay.png
2026-07-01 16:41:33 | INFO     | modules.visualization | visualization.py:124 | Creating side-by-side comparison
2026-07-01 16:41:34 | INFO     | modules.visualization | visualization.py:164 | Saved image: C:\Users\kanis\AI_Engineering_Drawing_Difference\outputs\highlighted\side_by_side.png
2026-07-01 16:41:34 | INFO     | modules.visualization | visualization.py:204 | Visualization pipeline completed successfully
2026-07-01 16:41:34 | INFO     | modules.report_generator | report_generator.py:27 | Generating reports (TXT + JSON)
2026-07-01 16:41:34 | INFO     | modules.report_generator | report_generator.py:42 | Report generation completed
2026-07-01 16:41:34 | INFO     | __main__ | app.py:131 | Pipeline completed successfully
2026-07-01 16:42:50 | INFO     | __main__ | app.py:155 | Starting Flask app
2026-07-01 16:43:07 | INFO     | __main__ | app.py:155 | Starting Flask app
2026-07-01 16:43:08 | INFO     | __main__ | app.py:155 | Starting Flask app
2026-07-01 16:43:26 | INFO     | __main__ | app.py:68 | Pipeline started
2026-07-01 16:43:26 | INFO     | __main__ | app.py:84 | Saved files: C:\Users\kanis\AI_Engineering_Drawing_Difference\uploads\temp\0555131759b6452aadaadfb0acbbc1c7.pdf, C:\Users\kanis\AI_Engineering_Drawing_Difference\uploads\temp\7c1a621199bb40af8c5cfe5fe4fc2a3c.pdf
2026-07-01 16:43:26 | INFO     | modules.preprocess | preprocess.py:221 | Pipeline started: C:\Users\kanis\AI_Engineering_Drawing_Difference\uploads\temp\0555131759b6452aadaadfb0acbbc1c7.pdf, C:\Users\kanis\AI_Engineering_Drawing_Difference\uploads\temp\7c1a621199bb40af8c5cfe5fe4fc2a3c.pdf
2026-07-01 16:43:26 | INFO     | modules.preprocess | preprocess.py:25 | Loading file: C:\Users\kanis\AI_Engineering_Drawing_Difference\uploads\temp\0555131759b6452aadaadfb0acbbc1c7.pdf
2026-07-01 16:43:26 | INFO     | modules.preprocess | preprocess.py:25 | Loading file: C:\Users\kanis\AI_Engineering_Drawing_Difference\uploads\temp\7c1a621199bb40af8c5cfe5fe4fc2a3c.pdf
2026-07-01 16:43:26 | INFO     | modules.preprocess | preprocess.py:56 | Resizing images
2026-07-01 16:43:26 | INFO     | modules.preprocess | preprocess.py:90 | Applying Gaussian noise reduction
2026-07-01 16:43:26 | INFO     | modules.preprocess | preprocess.py:113 | Enhancing contrast
2026-07-01 16:43:26 | INFO     | modules.preprocess | preprocess.py:144 | Starting ORB feature alignment
2026-07-01 16:43:26 | INFO     | modules.preprocess | preprocess.py:200 | Normalizing images
2026-07-01 16:43:27 | INFO     | modules.preprocess | preprocess.py:233 | Pipeline completed successfully
2026-07-01 16:43:27 | INFO     | modules.compare | compare.py:157 | Starting image comparison pipeline
2026-07-01 16:43:27 | INFO     | modules.compare | compare.py:18 | Computing SSIM
2026-07-01 16:43:27 | INFO     | modules.compare | compare.py:56 | Applying thresholding
2026-07-01 16:43:27 | INFO     | modules.compare | compare.py:76 | Applying morphological operations
2026-07-01 16:43:27 | INFO     | modules.compare | compare.py:94 | Extracting contours
2026-07-01 16:43:27 | INFO     | modules.compare | compare.py:128 | Computing statistics
2026-07-01 16:43:27 | INFO     | modules.compare | compare.py:175 | Comparison done | SSIM=0.9115 | Regions=30
2026-07-01 16:43:27 | INFO     | modules.summary | summary.py:23 | Generating engineering drawing summary
2026-07-01 16:43:27 | INFO     | modules.summary | summary.py:72 | Summary generation completed successfully
2026-07-01 16:43:27 | INFO     | modules.visualization | visualization.py:184 | Generating visualizations
2026-07-01 16:43:27 | INFO     | modules.visualization | visualization.py:35 | Drawing bounding boxes
2026-07-01 16:43:27 | INFO     | modules.visualization | visualization.py:164 | Saved image: C:\Users\kanis\AI_Engineering_Drawing_Difference\outputs\highlighted\boxes.png
2026-07-01 16:43:27 | INFO     | modules.visualization | visualization.py:62 | Creating heatmap
2026-07-01 16:43:27 | INFO     | modules.visualization | visualization.py:164 | Saved image: C:\Users\kanis\AI_Engineering_Drawing_Difference\outputs\highlighted\heatmap.png
2026-07-01 16:43:27 | INFO     | modules.visualization | visualization.py:90 | Creating overlay
2026-07-01 16:43:27 | INFO     | modules.visualization | visualization.py:62 | Creating heatmap
2026-07-01 16:43:27 | INFO     | modules.visualization | visualization.py:164 | Saved image: C:\Users\kanis\AI_Engineering_Drawing_Difference\outputs\highlighted\overlay.png
2026-07-01 16:43:27 | INFO     | modules.visualization | visualization.py:124 | Creating side-by-side comparison
2026-07-01 16:43:28 | INFO     | modules.visualization | visualization.py:164 | Saved image: C:\Users\kanis\AI_Engineering_Drawing_Difference\outputs\highlighted\side_by_side.png
2026-07-01 16:43:28 | INFO     | modules.visualization | visualization.py:204 | Visualization pipeline completed successfully
2026-07-01 16:43:28 | INFO     | modules.report_generator | report_generator.py:27 | Generating reports (TXT + JSON)
2026-07-01 16:43:28 | INFO     | modules.report_generator | report_generator.py:42 | Report generation completed
2026-07-01 16:43:28 | INFO     | __main__ | app.py:131 | Pipeline completed successfully
2026-07-01 20:42:09 | INFO     | __main__ | app.py:155 | Starting Flask app
2026-07-01 20:42:11 | INFO     | __main__ | app.py:155 | Starting Flask app
2026-07-01 20:42:54 | INFO     | __main__ | app.py:68 | Pipeline started
2026-07-01 20:42:55 | INFO     | __main__ | app.py:84 | Saved files: C:\Users\kanis\AI_Engineering_Drawing_Difference\uploads\temp\a144c598c9da46dd984bb56aaeef1012.pdf, C:\Users\kanis\AI_Engineering_Drawing_Difference\uploads\temp\7b639e53ea6c49798e3be6304a599adf.pdf
2026-07-01 20:42:55 | INFO     | modules.preprocess | preprocess.py:221 | Pipeline started: C:\Users\kanis\AI_Engineering_Drawing_Difference\uploads\temp\a144c598c9da46dd984bb56aaeef1012.pdf, C:\Users\kanis\AI_Engineering_Drawing_Difference\uploads\temp\7b639e53ea6c49798e3be6304a599adf.pdf
2026-07-01 20:42:55 | INFO     | modules.preprocess | preprocess.py:25 | Loading file: C:\Users\kanis\AI_Engineering_Drawing_Difference\uploads\temp\a144c598c9da46dd984bb56aaeef1012.pdf
2026-07-01 20:42:55 | INFO     | modules.preprocess | preprocess.py:25 | Loading file: C:\Users\kanis\AI_Engineering_Drawing_Difference\uploads\temp\7b639e53ea6c49798e3be6304a599adf.pdf
2026-07-01 20:42:55 | INFO     | modules.preprocess | preprocess.py:56 | Resizing images
2026-07-01 20:42:55 | INFO     | modules.preprocess | preprocess.py:90 | Applying Gaussian noise reduction
2026-07-01 20:42:56 | INFO     | modules.preprocess | preprocess.py:113 | Enhancing contrast
2026-07-01 20:42:56 | INFO     | modules.preprocess | preprocess.py:144 | Starting ORB feature alignment
2026-07-01 20:42:57 | INFO     | modules.preprocess | preprocess.py:200 | Normalizing images
2026-07-01 20:42:57 | INFO     | modules.preprocess | preprocess.py:233 | Pipeline completed successfully
2026-07-01 20:42:57 | INFO     | modules.compare | compare.py:157 | Starting image comparison pipeline
2026-07-01 20:42:57 | INFO     | modules.compare | compare.py:18 | Computing SSIM
2026-07-01 20:42:58 | INFO     | modules.compare | compare.py:56 | Applying thresholding
2026-07-01 20:42:58 | INFO     | modules.compare | compare.py:76 | Applying morphological operations
2026-07-01 20:42:58 | INFO     | modules.compare | compare.py:94 | Extracting contours
2026-07-01 20:42:58 | INFO     | modules.compare | compare.py:128 | Computing statistics
2026-07-01 20:42:58 | INFO     | modules.compare | compare.py:175 | Comparison done | SSIM=0.9115 | Regions=30
2026-07-01 20:42:58 | INFO     | modules.summary | summary.py:23 | Generating engineering drawing summary
2026-07-01 20:42:58 | INFO     | modules.summary | summary.py:72 | Summary generation completed successfully
2026-07-01 20:42:58 | INFO     | modules.visualization | visualization.py:184 | Generating visualizations
2026-07-01 20:42:58 | INFO     | modules.visualization | visualization.py:35 | Drawing bounding boxes
2026-07-01 20:42:58 | INFO     | modules.visualization | visualization.py:164 | Saved image: C:\Users\kanis\AI_Engineering_Drawing_Difference\outputs\highlighted\boxes.png
2026-07-01 20:42:58 | INFO     | modules.visualization | visualization.py:62 | Creating heatmap
2026-07-01 20:42:58 | INFO     | modules.visualization | visualization.py:164 | Saved image: C:\Users\kanis\AI_Engineering_Drawing_Difference\outputs\highlighted\heatmap.png
2026-07-01 20:42:58 | INFO     | modules.visualization | visualization.py:90 | Creating overlay
2026-07-01 20:42:58 | INFO     | modules.visualization | visualization.py:62 | Creating heatmap
2026-07-01 20:42:58 | INFO     | modules.visualization | visualization.py:164 | Saved image: C:\Users\kanis\AI_Engineering_Drawing_Difference\outputs\highlighted\overlay.png
2026-07-01 20:42:58 | INFO     | modules.visualization | visualization.py:124 | Creating side-by-side comparison
2026-07-01 20:42:59 | INFO     | modules.visualization | visualization.py:164 | Saved image: C:\Users\kanis\AI_Engineering_Drawing_Difference\outputs\highlighted\side_by_side.png
2026-07-01 20:42:59 | INFO     | modules.visualization | visualization.py:204 | Visualization pipeline completed successfully
2026-07-01 20:42:59 | INFO     | modules.report_generator | report_generator.py:27 | Generating reports (TXT + JSON)
2026-07-01 20:42:59 | INFO     | modules.report_generator | report_generator.py:42 | Report generation completed
2026-07-01 20:42:59 | INFO     | __main__ | app.py:131 | Pipeline completed successfully
2026-07-01 20:48:53 | INFO     | __main__ | app.py:155 | Starting Flask app
2026-07-01 20:48:55 | INFO     | __main__ | app.py:155 | Starting Flask app
2026-07-01 20:49:17 | INFO     | __main__ | app.py:68 | Pipeline started
2026-07-01 20:49:17 | INFO     | __main__ | app.py:84 | Saved files: C:\Users\kanis\AI_Engineering_Drawing_Difference\uploads\temp\5ec154800f524f0aab15d28be43b79ce.pdf, C:\Users\kanis\AI_Engineering_Drawing_Difference\uploads\temp\c6060c464b224b648deaa4dbd16f2806.pdf
2026-07-01 20:49:17 | INFO     | modules.preprocess | preprocess.py:221 | Pipeline started: C:\Users\kanis\AI_Engineering_Drawing_Difference\uploads\temp\5ec154800f524f0aab15d28be43b79ce.pdf, C:\Users\kanis\AI_Engineering_Drawing_Difference\uploads\temp\c6060c464b224b648deaa4dbd16f2806.pdf
2026-07-01 20:49:17 | INFO     | modules.preprocess | preprocess.py:25 | Loading file: C:\Users\kanis\AI_Engineering_Drawing_Difference\uploads\temp\5ec154800f524f0aab15d28be43b79ce.pdf
2026-07-01 20:49:17 | INFO     | modules.preprocess | preprocess.py:25 | Loading file: C:\Users\kanis\AI_Engineering_Drawing_Difference\uploads\temp\c6060c464b224b648deaa4dbd16f2806.pdf
2026-07-01 20:49:18 | INFO     | modules.preprocess | preprocess.py:56 | Resizing images
2026-07-01 20:49:18 | INFO     | modules.preprocess | preprocess.py:90 | Applying Gaussian noise reduction
2026-07-01 20:49:18 | INFO     | modules.preprocess | preprocess.py:113 | Enhancing contrast
2026-07-01 20:49:18 | INFO     | modules.preprocess | preprocess.py:144 | Starting ORB feature alignment
2026-07-01 20:49:18 | INFO     | modules.preprocess | preprocess.py:200 | Normalizing images
2026-07-01 20:49:18 | INFO     | modules.preprocess | preprocess.py:233 | Pipeline completed successfully
2026-07-01 20:49:18 | INFO     | modules.compare | compare.py:157 | Starting image comparison pipeline
2026-07-01 20:49:18 | INFO     | modules.compare | compare.py:18 | Computing SSIM
2026-07-01 20:49:19 | INFO     | modules.compare | compare.py:56 | Applying thresholding
2026-07-01 20:49:19 | INFO     | modules.compare | compare.py:76 | Applying morphological operations
2026-07-01 20:49:19 | INFO     | modules.compare | compare.py:94 | Extracting contours
2026-07-01 20:49:19 | INFO     | modules.compare | compare.py:128 | Computing statistics
2026-07-01 20:49:19 | INFO     | modules.compare | compare.py:175 | Comparison done | SSIM=0.9115 | Regions=30
2026-07-01 20:49:19 | INFO     | modules.summary | summary.py:23 | Generating engineering drawing summary
2026-07-01 20:49:19 | INFO     | modules.summary | summary.py:72 | Summary generation completed successfully
2026-07-01 20:49:19 | INFO     | modules.visualization | visualization.py:184 | Generating visualizations
2026-07-01 20:49:19 | INFO     | modules.visualization | visualization.py:35 | Drawing bounding boxes
2026-07-01 20:49:19 | INFO     | modules.visualization | visualization.py:164 | Saved image: C:\Users\kanis\AI_Engineering_Drawing_Difference\outputs\highlighted\boxes.png
2026-07-01 20:49:19 | INFO     | modules.visualization | visualization.py:62 | Creating heatmap
2026-07-01 20:49:19 | INFO     | modules.visualization | visualization.py:164 | Saved image: C:\Users\kanis\AI_Engineering_Drawing_Difference\outputs\highlighted\heatmap.png
2026-07-01 20:49:19 | INFO     | modules.visualization | visualization.py:90 | Creating overlay
2026-07-01 20:49:19 | INFO     | modules.visualization | visualization.py:62 | Creating heatmap
2026-07-01 20:49:19 | INFO     | modules.visualization | visualization.py:164 | Saved image: C:\Users\kanis\AI_Engineering_Drawing_Difference\outputs\highlighted\overlay.png
2026-07-01 20:49:19 | INFO     | modules.visualization | visualization.py:124 | Creating side-by-side comparison
2026-07-01 20:49:19 | INFO     | modules.visualization | visualization.py:164 | Saved image: C:\Users\kanis\AI_Engineering_Drawing_Difference\outputs\highlighted\side_by_side.png
2026-07-01 20:49:19 | INFO     | modules.visualization | visualization.py:204 | Visualization pipeline completed successfully
2026-07-01 20:49:19 | INFO     | modules.report_generator | report_generator.py:27 | Generating reports (TXT + JSON)
2026-07-01 20:49:19 | INFO     | modules.report_generator | report_generator.py:42 | Report generation completed
2026-07-01 20:49:19 | INFO     | __main__ | app.py:131 | Pipeline completed successfully
2026-07-01 20:49:55 | INFO     | __main__ | app.py:155 | Starting Flask app
2026-07-01 20:49:57 | INFO     | __main__ | app.py:155 | Starting Flask app
2026-07-01 20:50:20 | INFO     | __main__ | app.py:68 | Pipeline started
2026-07-01 20:50:20 | INFO     | __main__ | app.py:84 | Saved files: C:\Users\kanis\AI_Engineering_Drawing_Difference\uploads\temp\e2a92d301aac4f6f84b67feb44d524f3.pdf, C:\Users\kanis\AI_Engineering_Drawing_Difference\uploads\temp\61be5572a3c344a88ec8f16ca1f2976d.pdf
2026-07-01 20:50:20 | INFO     | modules.preprocess | preprocess.py:221 | Pipeline started: C:\Users\kanis\AI_Engineering_Drawing_Difference\uploads\temp\e2a92d301aac4f6f84b67feb44d524f3.pdf, C:\Users\kanis\AI_Engineering_Drawing_Difference\uploads\temp\61be5572a3c344a88ec8f16ca1f2976d.pdf
2026-07-01 20:50:20 | INFO     | modules.preprocess | preprocess.py:25 | Loading file: C:\Users\kanis\AI_Engineering_Drawing_Difference\uploads\temp\e2a92d301aac4f6f84b67feb44d524f3.pdf
2026-07-01 20:50:20 | INFO     | modules.preprocess | preprocess.py:25 | Loading file: C:\Users\kanis\AI_Engineering_Drawing_Difference\uploads\temp\61be5572a3c344a88ec8f16ca1f2976d.pdf
2026-07-01 20:50:20 | INFO     | modules.preprocess | preprocess.py:56 | Resizing images
2026-07-01 20:50:20 | INFO     | modules.preprocess | preprocess.py:90 | Applying Gaussian noise reduction
2026-07-01 20:50:20 | INFO     | modules.preprocess | preprocess.py:113 | Enhancing contrast
2026-07-01 20:50:20 | INFO     | modules.preprocess | preprocess.py:144 | Starting ORB feature alignment
2026-07-01 20:50:20 | INFO     | modules.preprocess | preprocess.py:200 | Normalizing images
2026-07-01 20:50:20 | INFO     | modules.preprocess | preprocess.py:233 | Pipeline completed successfully
2026-07-01 20:50:20 | INFO     | modules.compare | compare.py:157 | Starting image comparison pipeline
2026-07-01 20:50:20 | INFO     | modules.compare | compare.py:18 | Computing SSIM
2026-07-01 20:50:21 | INFO     | modules.compare | compare.py:56 | Applying thresholding
2026-07-01 20:50:21 | INFO     | modules.compare | compare.py:76 | Applying morphological operations
2026-07-01 20:50:21 | INFO     | modules.compare | compare.py:94 | Extracting contours
2026-07-01 20:50:21 | INFO     | modules.compare | compare.py:128 | Computing statistics
2026-07-01 20:50:21 | INFO     | modules.compare | compare.py:175 | Comparison done | SSIM=0.9115 | Regions=30
2026-07-01 20:50:21 | INFO     | modules.summary | summary.py:23 | Generating engineering drawing summary
2026-07-01 20:50:21 | INFO     | modules.summary | summary.py:72 | Summary generation completed successfully
2026-07-01 20:50:21 | INFO     | modules.visualization | visualization.py:184 | Generating visualizations
2026-07-01 20:50:21 | INFO     | modules.visualization | visualization.py:35 | Drawing bounding boxes
2026-07-01 20:50:21 | INFO     | modules.visualization | visualization.py:164 | Saved image: C:\Users\kanis\AI_Engineering_Drawing_Difference\outputs\highlighted\boxes.png
2026-07-01 20:50:21 | INFO     | modules.visualization | visualization.py:62 | Creating heatmap
2026-07-01 20:50:21 | INFO     | modules.visualization | visualization.py:164 | Saved image: C:\Users\kanis\AI_Engineering_Drawing_Difference\outputs\highlighted\heatmap.png
2026-07-01 20:50:21 | INFO     | modules.visualization | visualization.py:90 | Creating overlay
2026-07-01 20:50:21 | INFO     | modules.visualization | visualization.py:62 | Creating heatmap
2026-07-01 20:50:21 | INFO     | modules.visualization | visualization.py:164 | Saved image: C:\Users\kanis\AI_Engineering_Drawing_Difference\outputs\highlighted\overlay.png
2026-07-01 20:50:21 | INFO     | modules.visualization | visualization.py:124 | Creating side-by-side comparison
2026-07-01 20:50:22 | INFO     | modules.visualization | visualization.py:164 | Saved image: C:\Users\kanis\AI_Engineering_Drawing_Difference\outputs\highlighted\side_by_side.png
2026-07-01 20:50:22 | INFO     | modules.visualization | visualization.py:204 | Visualization pipeline completed successfully
2026-07-01 20:50:22 | INFO     | modules.report_generator | report_generator.py:27 | Generating reports (TXT + JSON)
2026-07-01 20:50:22 | INFO     | modules.report_generator | report_generator.py:42 | Report generation completed
2026-07-01 20:50:22 | INFO     | __main__ | app.py:131 | Pipeline completed successfully
2026-07-01 20:50:40 | INFO     | __main__ | app.py:155 | Starting Flask app
2026-07-01 20:50:57 | INFO     | __main__ | app.py:68 | Pipeline started
2026-07-01 20:50:57 | INFO     | __main__ | app.py:84 | Saved files: C:\Users\kanis\AI_Engineering_Drawing_Difference\uploads\temp\cbfb97e5753e411da2f35647117478fb.pdf, C:\Users\kanis\AI_Engineering_Drawing_Difference\uploads\temp\2477ad2bc76740158e5047b72187f1be.pdf
2026-07-01 20:50:57 | INFO     | modules.preprocess | preprocess.py:221 | Pipeline started: C:\Users\kanis\AI_Engineering_Drawing_Difference\uploads\temp\cbfb97e5753e411da2f35647117478fb.pdf, C:\Users\kanis\AI_Engineering_Drawing_Difference\uploads\temp\2477ad2bc76740158e5047b72187f1be.pdf
2026-07-01 20:50:57 | INFO     | modules.preprocess | preprocess.py:25 | Loading file: C:\Users\kanis\AI_Engineering_Drawing_Difference\uploads\temp\cbfb97e5753e411da2f35647117478fb.pdf
2026-07-01 20:50:57 | INFO     | modules.preprocess | preprocess.py:25 | Loading file: C:\Users\kanis\AI_Engineering_Drawing_Difference\uploads\temp\2477ad2bc76740158e5047b72187f1be.pdf
2026-07-01 20:50:57 | INFO     | modules.preprocess | preprocess.py:56 | Resizing images
2026-07-01 20:50:57 | INFO     | modules.preprocess | preprocess.py:90 | Applying Gaussian noise reduction
2026-07-01 20:50:57 | INFO     | modules.preprocess | preprocess.py:113 | Enhancing contrast
2026-07-01 20:50:57 | INFO     | modules.preprocess | preprocess.py:144 | Starting ORB feature alignment
2026-07-01 20:50:57 | INFO     | modules.preprocess | preprocess.py:200 | Normalizing images
2026-07-01 20:50:57 | INFO     | modules.preprocess | preprocess.py:233 | Pipeline completed successfully
2026-07-01 20:50:57 | INFO     | modules.compare | compare.py:157 | Starting image comparison pipeline
2026-07-01 20:50:57 | INFO     | modules.compare | compare.py:18 | Computing SSIM
2026-07-01 20:50:58 | INFO     | modules.compare | compare.py:56 | Applying thresholding
2026-07-01 20:50:58 | INFO     | modules.compare | compare.py:76 | Applying morphological operations
2026-07-01 20:50:58 | INFO     | modules.compare | compare.py:94 | Extracting contours
2026-07-01 20:50:58 | INFO     | modules.compare | compare.py:128 | Computing statistics
2026-07-01 20:50:58 | INFO     | modules.compare | compare.py:175 | Comparison done | SSIM=0.9115 | Regions=30
2026-07-01 20:50:58 | INFO     | modules.summary | summary.py:23 | Generating engineering drawing summary
2026-07-01 20:50:58 | INFO     | modules.summary | summary.py:72 | Summary generation completed successfully
2026-07-01 20:50:58 | INFO     | modules.visualization | visualization.py:184 | Generating visualizations
2026-07-01 20:50:58 | INFO     | modules.visualization | visualization.py:35 | Drawing bounding boxes
2026-07-01 20:50:58 | INFO     | modules.visualization | visualization.py:164 | Saved image: C:\Users\kanis\AI_Engineering_Drawing_Difference\outputs\highlighted\boxes.png
2026-07-01 20:50:58 | INFO     | modules.visualization | visualization.py:62 | Creating heatmap
2026-07-01 20:50:58 | INFO     | modules.visualization | visualization.py:164 | Saved image: C:\Users\kanis\AI_Engineering_Drawing_Difference\outputs\highlighted\heatmap.png
2026-07-01 20:50:58 | INFO     | modules.visualization | visualization.py:90 | Creating overlay
2026-07-01 20:50:58 | INFO     | modules.visualization | visualization.py:62 | Creating heatmap
2026-07-01 20:50:58 | INFO     | modules.visualization | visualization.py:164 | Saved image: C:\Users\kanis\AI_Engineering_Drawing_Difference\outputs\highlighted\overlay.png
2026-07-01 20:50:58 | INFO     | modules.visualization | visualization.py:124 | Creating side-by-side comparison
2026-07-01 20:50:59 | INFO     | modules.visualization | visualization.py:164 | Saved image: C:\Users\kanis\AI_Engineering_Drawing_Difference\outputs\highlighted\side_by_side.png
2026-07-01 20:50:59 | INFO     | modules.visualization | visualization.py:204 | Visualization pipeline completed successfully
2026-07-01 20:50:59 | INFO     | modules.report_generator | report_generator.py:27 | Generating reports (TXT + JSON)
2026-07-01 20:50:59 | INFO     | modules.report_generator | report_generator.py:42 | Report generation completed
2026-07-01 20:50:59 | INFO     | __main__ | app.py:131 | Pipeline completed successfully
2026-07-01 20:51:30 | INFO     | __main__ | app.py:155 | Starting Flask app
2026-07-01 20:51:33 | INFO     | __main__ | app.py:155 | Starting Flask app
2026-07-01 20:51:42 | INFO     | __main__ | app.py:68 | Pipeline started
2026-07-01 20:51:43 | INFO     | __main__ | app.py:84 | Saved files: C:\Users\kanis\AI_Engineering_Drawing_Difference\uploads\temp\458039a49f21403483c1730bbb911a28.pdf, C:\Users\kanis\AI_Engineering_Drawing_Difference\uploads\temp\be769c4f21ff4577b40d1758c5385c53.pdf
2026-07-01 20:51:43 | INFO     | modules.preprocess | preprocess.py:221 | Pipeline started: C:\Users\kanis\AI_Engineering_Drawing_Difference\uploads\temp\458039a49f21403483c1730bbb911a28.pdf, C:\Users\kanis\AI_Engineering_Drawing_Difference\uploads\temp\be769c4f21ff4577b40d1758c5385c53.pdf
2026-07-01 20:51:43 | INFO     | modules.preprocess | preprocess.py:25 | Loading file: C:\Users\kanis\AI_Engineering_Drawing_Difference\uploads\temp\458039a49f21403483c1730bbb911a28.pdf
2026-07-01 20:51:43 | INFO     | modules.preprocess | preprocess.py:25 | Loading file: C:\Users\kanis\AI_Engineering_Drawing_Difference\uploads\temp\be769c4f21ff4577b40d1758c5385c53.pdf
2026-07-01 20:51:43 | INFO     | modules.preprocess | preprocess.py:56 | Resizing images
2026-07-01 20:51:43 | INFO     | modules.preprocess | preprocess.py:90 | Applying Gaussian noise reduction
2026-07-01 20:51:43 | INFO     | modules.preprocess | preprocess.py:113 | Enhancing contrast
2026-07-01 20:51:43 | INFO     | modules.preprocess | preprocess.py:144 | Starting ORB feature alignment
2026-07-01 20:51:43 | INFO     | modules.preprocess | preprocess.py:200 | Normalizing images
2026-07-01 20:51:43 | INFO     | modules.preprocess | preprocess.py:233 | Pipeline completed successfully
2026-07-01 20:51:43 | INFO     | modules.compare | compare.py:157 | Starting image comparison pipeline
2026-07-01 20:51:43 | INFO     | modules.compare | compare.py:18 | Computing SSIM
2026-07-01 20:51:44 | INFO     | modules.compare | compare.py:56 | Applying thresholding
2026-07-01 20:51:44 | INFO     | modules.compare | compare.py:76 | Applying morphological operations
2026-07-01 20:51:44 | INFO     | modules.compare | compare.py:94 | Extracting contours
2026-07-01 20:51:44 | INFO     | modules.compare | compare.py:128 | Computing statistics
2026-07-01 20:51:44 | INFO     | modules.compare | compare.py:175 | Comparison done | SSIM=0.9115 | Regions=30
2026-07-01 20:51:44 | INFO     | modules.summary | summary.py:23 | Generating engineering drawing summary
2026-07-01 20:51:44 | INFO     | modules.summary | summary.py:72 | Summary generation completed successfully
2026-07-01 20:51:44 | INFO     | modules.visualization | visualization.py:184 | Generating visualizations
2026-07-01 20:51:44 | INFO     | modules.visualization | visualization.py:35 | Drawing bounding boxes
2026-07-01 20:51:44 | INFO     | modules.visualization | visualization.py:164 | Saved image: C:\Users\kanis\AI_Engineering_Drawing_Difference\outputs\highlighted\boxes.png
2026-07-01 20:51:44 | INFO     | modules.visualization | visualization.py:62 | Creating heatmap
2026-07-01 20:51:44 | INFO     | modules.visualization | visualization.py:164 | Saved image: C:\Users\kanis\AI_Engineering_Drawing_Difference\outputs\highlighted\heatmap.png
2026-07-01 20:51:44 | INFO     | modules.visualization | visualization.py:90 | Creating overlay
2026-07-01 20:51:44 | INFO     | modules.visualization | visualization.py:62 | Creating heatmap
2026-07-01 20:51:44 | INFO     | modules.visualization | visualization.py:164 | Saved image: C:\Users\kanis\AI_Engineering_Drawing_Difference\outputs\highlighted\overlay.png
2026-07-01 20:51:44 | INFO     | modules.visualization | visualization.py:124 | Creating side-by-side comparison
2026-07-01 20:51:44 | INFO     | modules.visualization | visualization.py:164 | Saved image: C:\Users\kanis\AI_Engineering_Drawing_Difference\outputs\highlighted\side_by_side.png
2026-07-01 20:51:44 | INFO     | modules.visualization | visualization.py:204 | Visualization pipeline completed successfully
2026-07-01 20:51:44 | INFO     | modules.report_generator | report_generator.py:27 | Generating reports (TXT + JSON)
2026-07-01 20:51:44 | INFO     | modules.report_generator | report_generator.py:42 | Report generation completed
2026-07-01 20:51:44 | INFO     | __main__ | app.py:131 | Pipeline completed successfully
2026-07-01 21:05:03 | INFO     | __main__ | app.py:162 | Starting Flask app
2026-07-01 21:06:11 | INFO     | __main__ | app.py:162 | Starting Flask app
2026-07-01 21:06:13 | INFO     | __main__ | app.py:162 | Starting Flask app
2026-07-01 21:06:35 | INFO     | __main__ | app.py:72 | Pipeline started
2026-07-01 21:06:35 | INFO     | __main__ | app.py:88 | Saved files: C:\Users\kanis\AI_Engineering_Drawing_Difference\uploads\temp\153f24e9a1b64ab6af22bb482e21e7d3.pdf, C:\Users\kanis\AI_Engineering_Drawing_Difference\uploads\temp\1c20505db1874906a097612b7ef761e4.pdf
2026-07-01 21:06:35 | INFO     | modules.preprocess | preprocess.py:221 | Pipeline started: C:\Users\kanis\AI_Engineering_Drawing_Difference\uploads\temp\153f24e9a1b64ab6af22bb482e21e7d3.pdf, C:\Users\kanis\AI_Engineering_Drawing_Difference\uploads\temp\1c20505db1874906a097612b7ef761e4.pdf
2026-07-01 21:06:35 | INFO     | modules.preprocess | preprocess.py:25 | Loading file: C:\Users\kanis\AI_Engineering_Drawing_Difference\uploads\temp\153f24e9a1b64ab6af22bb482e21e7d3.pdf
2026-07-01 21:06:35 | INFO     | modules.preprocess | preprocess.py:25 | Loading file: C:\Users\kanis\AI_Engineering_Drawing_Difference\uploads\temp\1c20505db1874906a097612b7ef761e4.pdf
2026-07-01 21:06:36 | INFO     | modules.preprocess | preprocess.py:56 | Resizing images
2026-07-01 21:06:36 | INFO     | modules.preprocess | preprocess.py:90 | Applying Gaussian noise reduction
2026-07-01 21:06:36 | INFO     | modules.preprocess | preprocess.py:113 | Enhancing contrast
2026-07-01 21:06:36 | INFO     | modules.preprocess | preprocess.py:144 | Starting ORB feature alignment
2026-07-01 21:06:36 | INFO     | modules.preprocess | preprocess.py:200 | Normalizing images
2026-07-01 21:06:36 | INFO     | modules.preprocess | preprocess.py:233 | Pipeline completed successfully
2026-07-01 21:06:36 | INFO     | modules.compare | compare.py:157 | Starting image comparison pipeline
2026-07-01 21:06:36 | INFO     | modules.compare | compare.py:18 | Computing SSIM
2026-07-01 21:06:37 | INFO     | modules.compare | compare.py:56 | Applying thresholding
2026-07-01 21:06:37 | INFO     | modules.compare | compare.py:76 | Applying morphological operations
2026-07-01 21:06:37 | INFO     | modules.compare | compare.py:94 | Extracting contours
2026-07-01 21:06:37 | INFO     | modules.compare | compare.py:128 | Computing statistics
2026-07-01 21:06:37 | INFO     | modules.compare | compare.py:175 | Comparison done | SSIM=0.9115 | Regions=30
2026-07-01 21:06:37 | INFO     | modules.summary | summary.py:23 | Generating engineering drawing summary
2026-07-01 21:06:37 | INFO     | modules.summary | summary.py:72 | Summary generation completed successfully
2026-07-01 21:06:37 | INFO     | modules.visualization | visualization.py:184 | Generating visualizations
2026-07-01 21:06:37 | INFO     | modules.visualization | visualization.py:35 | Drawing bounding boxes
2026-07-01 21:06:37 | INFO     | modules.visualization | visualization.py:164 | Saved image: C:\Users\kanis\AI_Engineering_Drawing_Difference\outputs\highlighted\boxes.png
2026-07-01 21:06:37 | INFO     | modules.visualization | visualization.py:62 | Creating heatmap
2026-07-01 21:06:37 | INFO     | modules.visualization | visualization.py:164 | Saved image: C:\Users\kanis\AI_Engineering_Drawing_Difference\outputs\highlighted\heatmap.png
2026-07-01 21:06:37 | INFO     | modules.visualization | visualization.py:90 | Creating overlay
2026-07-01 21:06:37 | INFO     | modules.visualization | visualization.py:62 | Creating heatmap
2026-07-01 21:06:37 | INFO     | modules.visualization | visualization.py:164 | Saved image: C:\Users\kanis\AI_Engineering_Drawing_Difference\outputs\highlighted\overlay.png
2026-07-01 21:06:37 | INFO     | modules.visualization | visualization.py:124 | Creating side-by-side comparison
2026-07-01 21:06:37 | INFO     | modules.visualization | visualization.py:164 | Saved image: C:\Users\kanis\AI_Engineering_Drawing_Difference\outputs\highlighted\side_by_side.png
2026-07-01 21:06:37 | INFO     | modules.visualization | visualization.py:204 | Visualization pipeline completed successfully
2026-07-01 21:06:37 | INFO     | modules.report_generator | report_generator.py:27 | Generating reports (TXT + JSON)
2026-07-01 21:06:37 | INFO     | modules.report_generator | report_generator.py:42 | Report generation completed
2026-07-01 21:06:37 | INFO     | __main__ | app.py:138 | Pipeline completed successfully
2026-07-01 21:13:07 | INFO     | __main__ | app.py:168 | Starting Flask app
2026-07-01 21:13:27 | INFO     | __main__ | app.py:78 | Pipeline started
2026-07-01 21:13:27 | INFO     | __main__ | app.py:94 | Saved files: C:\Users\kanis\AI_Engineering_Drawing_Difference\uploads\temp\c2614ce4eedc498cbe1c40c7d1223e19.pdf, C:\Users\kanis\AI_Engineering_Drawing_Difference\uploads\temp\bb102886243144238f16b3d4572c1580.pdf
2026-07-01 21:13:27 | INFO     | modules.preprocess | preprocess.py:221 | Pipeline started: C:\Users\kanis\AI_Engineering_Drawing_Difference\uploads\temp\c2614ce4eedc498cbe1c40c7d1223e19.pdf, C:\Users\kanis\AI_Engineering_Drawing_Difference\uploads\temp\bb102886243144238f16b3d4572c1580.pdf
2026-07-01 21:13:27 | INFO     | modules.preprocess | preprocess.py:25 | Loading file: C:\Users\kanis\AI_Engineering_Drawing_Difference\uploads\temp\c2614ce4eedc498cbe1c40c7d1223e19.pdf
2026-07-01 21:13:27 | INFO     | modules.preprocess | preprocess.py:25 | Loading file: C:\Users\kanis\AI_Engineering_Drawing_Difference\uploads\temp\bb102886243144238f16b3d4572c1580.pdf
2026-07-01 21:13:27 | INFO     | modules.preprocess | preprocess.py:56 | Resizing images
2026-07-01 21:13:27 | INFO     | modules.preprocess | preprocess.py:90 | Applying Gaussian noise reduction
2026-07-01 21:13:27 | INFO     | modules.preprocess | preprocess.py:113 | Enhancing contrast
2026-07-01 21:13:27 | INFO     | modules.preprocess | preprocess.py:144 | Starting ORB feature alignment
2026-07-01 21:13:27 | INFO     | modules.preprocess | preprocess.py:200 | Normalizing images
2026-07-01 21:13:28 | INFO     | modules.preprocess | preprocess.py:233 | Pipeline completed successfully
2026-07-01 21:13:28 | INFO     | modules.compare | compare.py:157 | Starting image comparison pipeline
2026-07-01 21:13:28 | INFO     | modules.compare | compare.py:18 | Computing SSIM
2026-07-01 21:13:28 | INFO     | modules.compare | compare.py:56 | Applying thresholding
2026-07-01 21:13:28 | INFO     | modules.compare | compare.py:76 | Applying morphological operations
2026-07-01 21:13:28 | INFO     | modules.compare | compare.py:94 | Extracting contours
2026-07-01 21:13:28 | INFO     | modules.compare | compare.py:128 | Computing statistics
2026-07-01 21:13:28 | INFO     | modules.compare | compare.py:175 | Comparison done | SSIM=0.9115 | Regions=30
2026-07-01 21:13:28 | INFO     | modules.summary | summary.py:23 | Generating engineering drawing summary
2026-07-01 21:13:28 | INFO     | modules.summary | summary.py:72 | Summary generation completed successfully
2026-07-01 21:13:28 | INFO     | modules.visualization | visualization.py:184 | Generating visualizations
2026-07-01 21:13:28 | INFO     | modules.visualization | visualization.py:35 | Drawing bounding boxes
2026-07-01 21:13:28 | INFO     | modules.visualization | visualization.py:164 | Saved image: C:\Users\kanis\AI_Engineering_Drawing_Difference\outputs\highlighted\boxes.png
2026-07-01 21:13:28 | INFO     | modules.visualization | visualization.py:62 | Creating heatmap
2026-07-01 21:13:28 | INFO     | modules.visualization | visualization.py:164 | Saved image: C:\Users\kanis\AI_Engineering_Drawing_Difference\outputs\highlighted\heatmap.png
2026-07-01 21:13:28 | INFO     | modules.visualization | visualization.py:90 | Creating overlay
2026-07-01 21:13:28 | INFO     | modules.visualization | visualization.py:62 | Creating heatmap
2026-07-01 21:13:28 | INFO     | modules.visualization | visualization.py:164 | Saved image: C:\Users\kanis\AI_Engineering_Drawing_Difference\outputs\highlighted\overlay.png
2026-07-01 21:13:28 | INFO     | modules.visualization | visualization.py:124 | Creating side-by-side comparison
2026-07-01 21:13:29 | INFO     | modules.visualization | visualization.py:164 | Saved image: C:\Users\kanis\AI_Engineering_Drawing_Difference\outputs\highlighted\side_by_side.png
2026-07-01 21:13:29 | INFO     | modules.visualization | visualization.py:204 | Visualization pipeline completed successfully
2026-07-01 21:13:29 | INFO     | modules.report_generator | report_generator.py:27 | Generating reports (TXT + JSON)
2026-07-01 21:13:29 | INFO     | modules.report_generator | report_generator.py:42 | Report generation completed
2026-07-01 21:13:29 | INFO     | __main__ | app.py:144 | Pipeline completed successfully
2026-07-02 11:07:42 | INFO     | __main__ | app.py:168 | Starting Flask app
2026-07-02 11:07:44 | INFO     | __main__ | app.py:168 | Starting Flask app
2026-07-02 11:08:28 | INFO     | __main__ | app.py:78 | Pipeline started
2026-07-02 11:08:28 | INFO     | __main__ | app.py:94 | Saved files: C:\Users\kanis\AI_Engineering_Drawing_Difference\uploads\temp\44d12dadea3146b4847fcc17ba5b7de4.pdf, C:\Users\kanis\AI_Engineering_Drawing_Difference\uploads\temp\55ce943451cb473c9188869007915b6d.pdf
2026-07-02 11:08:28 | INFO     | modules.preprocess | preprocess.py:221 | Pipeline started: C:\Users\kanis\AI_Engineering_Drawing_Difference\uploads\temp\44d12dadea3146b4847fcc17ba5b7de4.pdf, C:\Users\kanis\AI_Engineering_Drawing_Difference\uploads\temp\55ce943451cb473c9188869007915b6d.pdf
2026-07-02 11:08:28 | INFO     | modules.preprocess | preprocess.py:25 | Loading file: C:\Users\kanis\AI_Engineering_Drawing_Difference\uploads\temp\44d12dadea3146b4847fcc17ba5b7de4.pdf
2026-07-02 11:08:29 | INFO     | modules.preprocess | preprocess.py:25 | Loading file: C:\Users\kanis\AI_Engineering_Drawing_Difference\uploads\temp\55ce943451cb473c9188869007915b6d.pdf
2026-07-02 11:08:29 | INFO     | modules.preprocess | preprocess.py:56 | Resizing images
2026-07-02 11:08:29 | INFO     | modules.preprocess | preprocess.py:90 | Applying Gaussian noise reduction
2026-07-02 11:08:29 | INFO     | modules.preprocess | preprocess.py:113 | Enhancing contrast
2026-07-02 11:08:29 | INFO     | modules.preprocess | preprocess.py:144 | Starting ORB feature alignment
2026-07-02 11:08:31 | INFO     | modules.preprocess | preprocess.py:200 | Normalizing images
2026-07-02 11:08:31 | INFO     | modules.preprocess | preprocess.py:233 | Pipeline completed successfully
2026-07-02 11:08:31 | INFO     | modules.compare | compare.py:157 | Starting image comparison pipeline
2026-07-02 11:08:31 | INFO     | modules.compare | compare.py:18 | Computing SSIM
2026-07-02 11:08:31 | INFO     | modules.compare | compare.py:56 | Applying thresholding
2026-07-02 11:08:31 | INFO     | modules.compare | compare.py:76 | Applying morphological operations
2026-07-02 11:08:31 | INFO     | modules.compare | compare.py:94 | Extracting contours
2026-07-02 11:08:31 | INFO     | modules.compare | compare.py:128 | Computing statistics
2026-07-02 11:08:31 | INFO     | modules.compare | compare.py:175 | Comparison done | SSIM=0.9471 | Regions=180
2026-07-02 11:08:31 | INFO     | modules.summary | summary.py:23 | Generating engineering drawing summary
2026-07-02 11:08:31 | INFO     | modules.summary | summary.py:72 | Summary generation completed successfully
2026-07-02 11:08:31 | INFO     | modules.visualization | visualization.py:184 | Generating visualizations
2026-07-02 11:08:31 | INFO     | modules.visualization | visualization.py:35 | Drawing bounding boxes
2026-07-02 11:08:31 | INFO     | modules.visualization | visualization.py:164 | Saved image: C:\Users\kanis\AI_Engineering_Drawing_Difference\outputs\highlighted\boxes.png
2026-07-02 11:08:31 | INFO     | modules.visualization | visualization.py:62 | Creating heatmap
2026-07-02 11:08:31 | INFO     | modules.visualization | visualization.py:164 | Saved image: C:\Users\kanis\AI_Engineering_Drawing_Difference\outputs\highlighted\heatmap.png
2026-07-02 11:08:31 | INFO     | modules.visualization | visualization.py:90 | Creating overlay
2026-07-02 11:08:31 | INFO     | modules.visualization | visualization.py:62 | Creating heatmap
2026-07-02 11:08:31 | INFO     | modules.visualization | visualization.py:164 | Saved image: C:\Users\kanis\AI_Engineering_Drawing_Difference\outputs\highlighted\overlay.png
2026-07-02 11:08:31 | INFO     | modules.visualization | visualization.py:124 | Creating side-by-side comparison
2026-07-02 11:08:31 | INFO     | modules.visualization | visualization.py:164 | Saved image: C:\Users\kanis\AI_Engineering_Drawing_Difference\outputs\highlighted\side_by_side.png
2026-07-02 11:08:31 | INFO     | modules.visualization | visualization.py:204 | Visualization pipeline completed successfully
2026-07-02 11:08:31 | INFO     | modules.report_generator | report_generator.py:27 | Generating reports (TXT + JSON)
2026-07-02 11:08:31 | INFO     | modules.report_generator | report_generator.py:42 | Report generation completed
2026-07-02 11:08:31 | INFO     | __main__ | app.py:144 | Pipeline completed successfully
2026-07-02 13:49:48 | INFO     | __main__ | app.py:168 | Starting Flask app
2026-07-02 13:49:50 | INFO     | __main__ | app.py:168 | Starting Flask app
2026-07-02 13:50:36 | INFO     | __main__ | app.py:78 | Pipeline started
2026-07-02 13:50:36 | INFO     | __main__ | app.py:94 | Saved files: C:\Users\kanis\AI_Engineering_Drawing_Difference\uploads\temp\d1e2b4ed227c4dbe8284cf928021ac61.pdf, C:\Users\kanis\AI_Engineering_Drawing_Difference\uploads\temp\fe9a8c68ce454695b8696438ff5a7ba8.pdf
2026-07-02 13:50:36 | INFO     | modules.preprocess | preprocess.py:221 | Pipeline started: C:\Users\kanis\AI_Engineering_Drawing_Difference\uploads\temp\d1e2b4ed227c4dbe8284cf928021ac61.pdf, C:\Users\kanis\AI_Engineering_Drawing_Difference\uploads\temp\fe9a8c68ce454695b8696438ff5a7ba8.pdf
2026-07-02 13:50:36 | INFO     | modules.preprocess | preprocess.py:25 | Loading file: C:\Users\kanis\AI_Engineering_Drawing_Difference\uploads\temp\d1e2b4ed227c4dbe8284cf928021ac61.pdf
2026-07-02 13:50:37 | INFO     | modules.preprocess | preprocess.py:25 | Loading file: C:\Users\kanis\AI_Engineering_Drawing_Difference\uploads\temp\fe9a8c68ce454695b8696438ff5a7ba8.pdf
2026-07-02 13:50:38 | INFO     | modules.preprocess | preprocess.py:56 | Resizing images
2026-07-02 13:50:38 | INFO     | modules.preprocess | preprocess.py:90 | Applying Gaussian noise reduction
2026-07-02 13:50:38 | INFO     | modules.preprocess | preprocess.py:113 | Enhancing contrast
2026-07-02 13:50:38 | INFO     | modules.preprocess | preprocess.py:144 | Starting ORB feature alignment
2026-07-02 13:50:40 | INFO     | modules.preprocess | preprocess.py:200 | Normalizing images
2026-07-02 13:50:40 | INFO     | modules.preprocess | preprocess.py:233 | Pipeline completed successfully
2026-07-02 13:50:40 | INFO     | modules.compare | compare.py:157 | Starting image comparison pipeline
2026-07-02 13:50:40 | INFO     | modules.compare | compare.py:18 | Computing SSIM
2026-07-02 13:50:40 | INFO     | modules.compare | compare.py:56 | Applying thresholding
2026-07-02 13:50:40 | INFO     | modules.compare | compare.py:76 | Applying morphological operations
2026-07-02 13:50:40 | INFO     | modules.compare | compare.py:94 | Extracting contours
2026-07-02 13:50:40 | INFO     | modules.compare | compare.py:128 | Computing statistics
2026-07-02 13:50:40 | INFO     | modules.compare | compare.py:175 | Comparison done | SSIM=0.9115 | Regions=30
2026-07-02 13:50:40 | INFO     | modules.summary | summary.py:23 | Generating engineering drawing summary
2026-07-02 13:50:40 | INFO     | modules.summary | summary.py:72 | Summary generation completed successfully
2026-07-02 13:50:40 | INFO     | modules.visualization | visualization.py:184 | Generating visualizations
2026-07-02 13:50:40 | INFO     | modules.visualization | visualization.py:35 | Drawing bounding boxes
2026-07-02 13:50:40 | INFO     | modules.visualization | visualization.py:164 | Saved image: C:\Users\kanis\AI_Engineering_Drawing_Difference\outputs\highlighted\boxes.png
2026-07-02 13:50:40 | INFO     | modules.visualization | visualization.py:62 | Creating heatmap
2026-07-02 13:50:40 | INFO     | modules.visualization | visualization.py:164 | Saved image: C:\Users\kanis\AI_Engineering_Drawing_Difference\outputs\highlighted\heatmap.png
2026-07-02 13:50:40 | INFO     | modules.visualization | visualization.py:90 | Creating overlay
2026-07-02 13:50:41 | INFO     | modules.visualization | visualization.py:62 | Creating heatmap
2026-07-02 13:50:41 | INFO     | modules.visualization | visualization.py:164 | Saved image: C:\Users\kanis\AI_Engineering_Drawing_Difference\outputs\highlighted\overlay.png
2026-07-02 13:50:41 | INFO     | modules.visualization | visualization.py:124 | Creating side-by-side comparison
2026-07-02 13:50:41 | INFO     | modules.visualization | visualization.py:164 | Saved image: C:\Users\kanis\AI_Engineering_Drawing_Difference\outputs\highlighted\side_by_side.png
2026-07-02 13:50:41 | INFO     | modules.visualization | visualization.py:204 | Visualization pipeline completed successfully
2026-07-02 13:50:41 | INFO     | modules.report_generator | report_generator.py:27 | Generating reports (TXT + JSON)
2026-07-02 13:50:41 | INFO     | modules.report_generator | report_generator.py:42 | Report generation completed
2026-07-02 13:50:41 | INFO     | __main__ | app.py:144 | Pipeline completed successfully
2026-07-02 13:52:42 | INFO     | __main__ | app.py:78 | Pipeline started
2026-07-02 13:52:42 | INFO     | __main__ | app.py:94 | Saved files: C:\Users\kanis\AI_Engineering_Drawing_Difference\uploads\temp\6a5f752a590f4d519fa290b44c9ab894.pdf, C:\Users\kanis\AI_Engineering_Drawing_Difference\uploads\temp\7fd9a8014b2042d485fa0bb6a3c79863.pdf
2026-07-02 13:52:42 | INFO     | modules.preprocess | preprocess.py:221 | Pipeline started: C:\Users\kanis\AI_Engineering_Drawing_Difference\uploads\temp\6a5f752a590f4d519fa290b44c9ab894.pdf, C:\Users\kanis\AI_Engineering_Drawing_Difference\uploads\temp\7fd9a8014b2042d485fa0bb6a3c79863.pdf
2026-07-02 13:52:42 | INFO     | modules.preprocess | preprocess.py:25 | Loading file: C:\Users\kanis\AI_Engineering_Drawing_Difference\uploads\temp\6a5f752a590f4d519fa290b44c9ab894.pdf
2026-07-02 13:52:45 | INFO     | modules.preprocess | preprocess.py:25 | Loading file: C:\Users\kanis\AI_Engineering_Drawing_Difference\uploads\temp\7fd9a8014b2042d485fa0bb6a3c79863.pdf
2026-07-02 13:52:45 | INFO     | modules.preprocess | preprocess.py:56 | Resizing images
2026-07-02 13:52:46 | INFO     | modules.preprocess | preprocess.py:90 | Applying Gaussian noise reduction
2026-07-02 13:52:46 | INFO     | modules.preprocess | preprocess.py:113 | Enhancing contrast
2026-07-02 13:52:46 | INFO     | modules.preprocess | preprocess.py:144 | Starting ORB feature alignment
2026-07-02 13:52:46 | INFO     | modules.preprocess | preprocess.py:200 | Normalizing images
2026-07-02 13:52:46 | INFO     | modules.preprocess | preprocess.py:233 | Pipeline completed successfully
2026-07-02 13:52:46 | INFO     | modules.compare | compare.py:157 | Starting image comparison pipeline
2026-07-02 13:52:46 | INFO     | modules.compare | compare.py:18 | Computing SSIM
2026-07-02 13:52:47 | INFO     | modules.compare | compare.py:56 | Applying thresholding
2026-07-02 13:52:47 | INFO     | modules.compare | compare.py:76 | Applying morphological operations
2026-07-02 13:52:47 | INFO     | modules.compare | compare.py:94 | Extracting contours
2026-07-02 13:52:47 | INFO     | modules.compare | compare.py:128 | Computing statistics
2026-07-02 13:52:47 | INFO     | modules.compare | compare.py:175 | Comparison done | SSIM=0.9471 | Regions=180
2026-07-02 13:52:47 | INFO     | modules.summary | summary.py:23 | Generating engineering drawing summary
2026-07-02 13:52:47 | INFO     | modules.summary | summary.py:72 | Summary generation completed successfully
2026-07-02 13:52:47 | INFO     | modules.visualization | visualization.py:184 | Generating visualizations
2026-07-02 13:52:47 | INFO     | modules.visualization | visualization.py:35 | Drawing bounding boxes
2026-07-02 13:52:47 | INFO     | modules.visualization | visualization.py:164 | Saved image: C:\Users\kanis\AI_Engineering_Drawing_Difference\outputs\highlighted\boxes.png
2026-07-02 13:52:47 | INFO     | modules.visualization | visualization.py:62 | Creating heatmap
2026-07-02 13:52:47 | INFO     | modules.visualization | visualization.py:164 | Saved image: C:\Users\kanis\AI_Engineering_Drawing_Difference\outputs\highlighted\heatmap.png
2026-07-02 13:52:47 | INFO     | modules.visualization | visualization.py:90 | Creating overlay
2026-07-02 13:52:47 | INFO     | modules.visualization | visualization.py:62 | Creating heatmap
2026-07-02 13:52:48 | INFO     | modules.visualization | visualization.py:164 | Saved image: C:\Users\kanis\AI_Engineering_Drawing_Difference\outputs\highlighted\overlay.png
2026-07-02 13:52:48 | INFO     | modules.visualization | visualization.py:124 | Creating side-by-side comparison
2026-07-02 13:52:48 | INFO     | modules.visualization | visualization.py:164 | Saved image: C:\Users\kanis\AI_Engineering_Drawing_Difference\outputs\highlighted\side_by_side.png
2026-07-02 13:52:48 | INFO     | modules.visualization | visualization.py:204 | Visualization pipeline completed successfully
2026-07-02 13:52:48 | INFO     | modules.report_generator | report_generator.py:27 | Generating reports (TXT + JSON)
2026-07-02 13:52:48 | INFO     | modules.report_generator | report_generator.py:42 | Report generation completed
2026-07-02 13:52:48 | INFO     | __main__ | app.py:144 | Pipeline completed successfully
2026-07-02 13:53:07 | INFO     | __main__ | app.py:78 | Pipeline started
2026-07-02 13:53:07 | INFO     | __main__ | app.py:94 | Saved files: C:\Users\kanis\AI_Engineering_Drawing_Difference\uploads\temp\726771e904f04341919e1beddcd4edb6.pdf, C:\Users\kanis\AI_Engineering_Drawing_Difference\uploads\temp\52d5c674ad0f4fe8b796e2c433fa7014.pdf
2026-07-02 13:53:07 | INFO     | modules.preprocess | preprocess.py:221 | Pipeline started: C:\Users\kanis\AI_Engineering_Drawing_Difference\uploads\temp\726771e904f04341919e1beddcd4edb6.pdf, C:\Users\kanis\AI_Engineering_Drawing_Difference\uploads\temp\52d5c674ad0f4fe8b796e2c433fa7014.pdf
2026-07-02 13:53:07 | INFO     | modules.preprocess | preprocess.py:25 | Loading file: C:\Users\kanis\AI_Engineering_Drawing_Difference\uploads\temp\726771e904f04341919e1beddcd4edb6.pdf
2026-07-02 13:53:10 | INFO     | modules.preprocess | preprocess.py:25 | Loading file: C:\Users\kanis\AI_Engineering_Drawing_Difference\uploads\temp\52d5c674ad0f4fe8b796e2c433fa7014.pdf
2026-07-02 13:53:10 | INFO     | modules.preprocess | preprocess.py:56 | Resizing images
2026-07-02 13:53:11 | INFO     | modules.preprocess | preprocess.py:90 | Applying Gaussian noise reduction
2026-07-02 13:53:11 | INFO     | modules.preprocess | preprocess.py:113 | Enhancing contrast
2026-07-02 13:53:11 | INFO     | modules.preprocess | preprocess.py:144 | Starting ORB feature alignment
2026-07-02 13:53:11 | INFO     | modules.preprocess | preprocess.py:200 | Normalizing images
2026-07-02 13:53:11 | INFO     | modules.preprocess | preprocess.py:233 | Pipeline completed successfully
2026-07-02 13:53:11 | INFO     | modules.compare | compare.py:157 | Starting image comparison pipeline
2026-07-02 13:53:11 | INFO     | modules.compare | compare.py:18 | Computing SSIM
2026-07-02 13:53:12 | INFO     | modules.compare | compare.py:56 | Applying thresholding
2026-07-02 13:53:12 | INFO     | modules.compare | compare.py:76 | Applying morphological operations
2026-07-02 13:53:12 | INFO     | modules.compare | compare.py:94 | Extracting contours
2026-07-02 13:53:12 | INFO     | modules.compare | compare.py:128 | Computing statistics
2026-07-02 13:53:12 | INFO     | modules.compare | compare.py:175 | Comparison done | SSIM=0.9471 | Regions=180
2026-07-02 13:53:12 | INFO     | modules.summary | summary.py:23 | Generating engineering drawing summary
2026-07-02 13:53:12 | INFO     | modules.summary | summary.py:72 | Summary generation completed successfully
2026-07-02 13:53:12 | INFO     | modules.visualization | visualization.py:184 | Generating visualizations
2026-07-02 13:53:12 | INFO     | modules.visualization | visualization.py:35 | Drawing bounding boxes
2026-07-02 13:53:12 | INFO     | modules.visualization | visualization.py:164 | Saved image: C:\Users\kanis\AI_Engineering_Drawing_Difference\outputs\highlighted\boxes.png
2026-07-02 13:53:12 | INFO     | modules.visualization | visualization.py:62 | Creating heatmap
2026-07-02 13:53:12 | INFO     | modules.visualization | visualization.py:164 | Saved image: C:\Users\kanis\AI_Engineering_Drawing_Difference\outputs\highlighted\heatmap.png
2026-07-02 13:53:12 | INFO     | modules.visualization | visualization.py:90 | Creating overlay
2026-07-02 13:53:12 | INFO     | modules.visualization | visualization.py:62 | Creating heatmap
2026-07-02 13:53:12 | INFO     | modules.visualization | visualization.py:164 | Saved image: C:\Users\kanis\AI_Engineering_Drawing_Difference\outputs\highlighted\overlay.png
2026-07-02 13:53:12 | INFO     | modules.visualization | visualization.py:124 | Creating side-by-side comparison
2026-07-02 13:53:12 | INFO     | modules.visualization | visualization.py:164 | Saved image: C:\Users\kanis\AI_Engineering_Drawing_Difference\outputs\highlighted\side_by_side.png
2026-07-02 13:53:12 | INFO     | modules.visualization | visualization.py:204 | Visualization pipeline completed successfully
2026-07-02 13:53:12 | INFO     | modules.report_generator | report_generator.py:27 | Generating reports (TXT + JSON)
2026-07-02 13:53:12 | INFO     | modules.report_generator | report_generator.py:42 | Report generation completed
2026-07-02 13:53:13 | INFO     | __main__ | app.py:144 | Pipeline completed successfully
2026-07-02 14:38:24 | INFO     | __main__ | app.py:78 | Pipeline started
2026-07-02 14:38:25 | INFO     | __main__ | app.py:94 | Saved files: C:\Users\kanis\AI_Engineering_Drawing_Difference\uploads\temp\69df7661daad4b5ca051b425c50d7c66.png, C:\Users\kanis\AI_Engineering_Drawing_Difference\uploads\temp\4f421a1dc33441f0804175cf80d52c58.png
2026-07-02 14:38:25 | INFO     | modules.preprocess | preprocess.py:221 | Pipeline started: C:\Users\kanis\AI_Engineering_Drawing_Difference\uploads\temp\69df7661daad4b5ca051b425c50d7c66.png, C:\Users\kanis\AI_Engineering_Drawing_Difference\uploads\temp\4f421a1dc33441f0804175cf80d52c58.png
2026-07-02 14:38:25 | INFO     | modules.preprocess | preprocess.py:25 | Loading file: C:\Users\kanis\AI_Engineering_Drawing_Difference\uploads\temp\69df7661daad4b5ca051b425c50d7c66.png
2026-07-02 14:38:25 | INFO     | modules.preprocess | preprocess.py:25 | Loading file: C:\Users\kanis\AI_Engineering_Drawing_Difference\uploads\temp\4f421a1dc33441f0804175cf80d52c58.png
2026-07-02 14:38:25 | INFO     | modules.preprocess | preprocess.py:56 | Resizing images
2026-07-02 14:38:25 | INFO     | modules.preprocess | preprocess.py:90 | Applying Gaussian noise reduction
2026-07-02 14:38:25 | INFO     | modules.preprocess | preprocess.py:113 | Enhancing contrast
2026-07-02 14:38:25 | INFO     | modules.preprocess | preprocess.py:144 | Starting ORB feature alignment
2026-07-02 14:38:25 | INFO     | modules.preprocess | preprocess.py:200 | Normalizing images
2026-07-02 14:38:25 | INFO     | modules.preprocess | preprocess.py:233 | Pipeline completed successfully
2026-07-02 14:38:25 | INFO     | modules.compare | compare.py:157 | Starting image comparison pipeline
2026-07-02 14:38:25 | INFO     | modules.compare | compare.py:18 | Computing SSIM
2026-07-02 14:38:26 | INFO     | modules.compare | compare.py:56 | Applying thresholding
2026-07-02 14:38:26 | INFO     | modules.compare | compare.py:76 | Applying morphological operations
2026-07-02 14:38:26 | INFO     | modules.compare | compare.py:94 | Extracting contours
2026-07-02 14:38:26 | INFO     | modules.compare | compare.py:128 | Computing statistics
2026-07-02 14:38:26 | INFO     | modules.compare | compare.py:175 | Comparison done | SSIM=0.7939 | Regions=254
2026-07-02 14:38:26 | INFO     | modules.summary | summary.py:23 | Generating engineering drawing summary
2026-07-02 14:38:26 | INFO     | modules.summary | summary.py:72 | Summary generation completed successfully
2026-07-02 14:38:26 | INFO     | modules.visualization | visualization.py:184 | Generating visualizations
2026-07-02 14:38:26 | INFO     | modules.visualization | visualization.py:35 | Drawing bounding boxes
2026-07-02 14:38:26 | INFO     | modules.visualization | visualization.py:164 | Saved image: C:\Users\kanis\AI_Engineering_Drawing_Difference\outputs\highlighted\boxes.png
2026-07-02 14:38:26 | INFO     | modules.visualization | visualization.py:62 | Creating heatmap
2026-07-02 14:38:26 | INFO     | modules.visualization | visualization.py:164 | Saved image: C:\Users\kanis\AI_Engineering_Drawing_Difference\outputs\highlighted\heatmap.png
2026-07-02 14:38:26 | INFO     | modules.visualization | visualization.py:90 | Creating overlay
2026-07-02 14:38:26 | INFO     | modules.visualization | visualization.py:62 | Creating heatmap
2026-07-02 14:38:26 | INFO     | modules.visualization | visualization.py:164 | Saved image: C:\Users\kanis\AI_Engineering_Drawing_Difference\outputs\highlighted\overlay.png
2026-07-02 14:38:26 | INFO     | modules.visualization | visualization.py:124 | Creating side-by-side comparison
2026-07-02 14:38:27 | INFO     | modules.visualization | visualization.py:164 | Saved image: C:\Users\kanis\AI_Engineering_Drawing_Difference\outputs\highlighted\side_by_side.png
2026-07-02 14:38:27 | INFO     | modules.visualization | visualization.py:204 | Visualization pipeline completed successfully
2026-07-02 14:38:27 | INFO     | modules.report_generator | report_generator.py:27 | Generating reports (TXT + JSON)
2026-07-02 14:38:27 | INFO     | modules.report_generator | report_generator.py:42 | Report generation completed
2026-07-02 14:38:27 | INFO     | __main__ | app.py:144 | Pipeline completed successfully
2026-07-10 13:40:46 | INFO     | __main__ | app.py:168 | Starting Flask app
2026-07-10 13:40:50 | INFO     | __main__ | app.py:168 | Starting Flask app
2026-07-10 13:41:40 | INFO     | __main__ | app.py:78 | Pipeline started
2026-07-10 13:41:40 | INFO     | __main__ | app.py:94 | Saved files: C:\Users\kanis\AI_Engineering_Drawing_Difference\uploads\temp\2a3ab6a738434d8383c60d131ba7e630.pdf, C:\Users\kanis\AI_Engineering_Drawing_Difference\uploads\temp\5be6ddb2f7744dc9894ee9e0a9e5a6eb.pdf
2026-07-10 13:41:40 | INFO     | modules.preprocess | preprocess.py:221 | Pipeline started: C:\Users\kanis\AI_Engineering_Drawing_Difference\uploads\temp\2a3ab6a738434d8383c60d131ba7e630.pdf, C:\Users\kanis\AI_Engineering_Drawing_Difference\uploads\temp\5be6ddb2f7744dc9894ee9e0a9e5a6eb.pdf
2026-07-10 13:41:40 | INFO     | modules.preprocess | preprocess.py:25 | Loading file: C:\Users\kanis\AI_Engineering_Drawing_Difference\uploads\temp\2a3ab6a738434d8383c60d131ba7e630.pdf
2026-07-10 13:41:40 | INFO     | modules.preprocess | preprocess.py:25 | Loading file: C:\Users\kanis\AI_Engineering_Drawing_Difference\uploads\temp\5be6ddb2f7744dc9894ee9e0a9e5a6eb.pdf
2026-07-10 13:41:41 | INFO     | modules.preprocess | preprocess.py:56 | Resizing images
2026-07-10 13:41:41 | INFO     | modules.preprocess | preprocess.py:90 | Applying Gaussian noise reduction
2026-07-10 13:41:41 | INFO     | modules.preprocess | preprocess.py:113 | Enhancing contrast
2026-07-10 13:41:41 | INFO     | modules.preprocess | preprocess.py:144 | Starting ORB feature alignment
2026-07-10 13:41:42 | INFO     | modules.preprocess | preprocess.py:200 | Normalizing images
2026-07-10 13:41:42 | INFO     | modules.preprocess | preprocess.py:233 | Pipeline completed successfully
2026-07-10 13:41:42 | INFO     | modules.compare | compare.py:157 | Starting image comparison pipeline
2026-07-10 13:41:42 | INFO     | modules.compare | compare.py:18 | Computing SSIM
2026-07-10 13:41:42 | INFO     | modules.compare | compare.py:56 | Applying thresholding
2026-07-10 13:41:42 | INFO     | modules.compare | compare.py:76 | Applying morphological operations
2026-07-10 13:41:42 | INFO     | modules.compare | compare.py:94 | Extracting contours
2026-07-10 13:41:42 | INFO     | modules.compare | compare.py:128 | Computing statistics
2026-07-10 13:41:42 | INFO     | modules.compare | compare.py:175 | Comparison done | SSIM=0.9115 | Regions=30
2026-07-10 13:41:42 | INFO     | modules.summary | summary.py:23 | Generating engineering drawing summary
2026-07-10 13:41:42 | INFO     | modules.summary | summary.py:72 | Summary generation completed successfully
2026-07-10 13:41:42 | INFO     | modules.visualization | visualization.py:184 | Generating visualizations
2026-07-10 13:41:42 | INFO     | modules.visualization | visualization.py:35 | Drawing bounding boxes
2026-07-10 13:41:42 | INFO     | modules.visualization | visualization.py:164 | Saved image: C:\Users\kanis\AI_Engineering_Drawing_Difference\outputs\highlighted\boxes.png
2026-07-10 13:41:42 | INFO     | modules.visualization | visualization.py:62 | Creating heatmap
2026-07-10 13:41:42 | INFO     | modules.visualization | visualization.py:164 | Saved image: C:\Users\kanis\AI_Engineering_Drawing_Difference\outputs\highlighted\heatmap.png
2026-07-10 13:41:42 | INFO     | modules.visualization | visualization.py:90 | Creating overlay
2026-07-10 13:41:43 | INFO     | modules.visualization | visualization.py:62 | Creating heatmap
2026-07-10 13:41:43 | INFO     | modules.visualization | visualization.py:164 | Saved image: C:\Users\kanis\AI_Engineering_Drawing_Difference\outputs\highlighted\overlay.png
2026-07-10 13:41:43 | INFO     | modules.visualization | visualization.py:124 | Creating side-by-side comparison
2026-07-10 13:41:43 | INFO     | modules.visualization | visualization.py:164 | Saved image: C:\Users\kanis\AI_Engineering_Drawing_Difference\outputs\highlighted\side_by_side.png
2026-07-10 13:41:43 | INFO     | modules.visualization | visualization.py:204 | Visualization pipeline completed successfully
2026-07-10 13:41:43 | INFO     | modules.report_generator | report_generator.py:27 | Generating reports (TXT + JSON)
2026-07-10 13:41:43 | INFO     | modules.report_generator | report_generator.py:42 | Report generation completed
2026-07-10 13:41:43 | INFO     | __main__ | app.py:144 | Pipeline completed successfully
2026-07-10 15:09:03 | INFO     | __main__ | app.py:168 | Starting Flask app
2026-07-10 15:09:04 | INFO     | __main__ | app.py:168 | Starting Flask app
2026-07-10 15:09:33 | INFO     | __main__ | app.py:78 | Pipeline started
2026-07-10 15:09:33 | INFO     | __main__ | app.py:94 | Saved files: C:\Users\kanis\AI_Engineering_Drawing_Difference\uploads\temp\7ac774b2a73146eeacae91b7fbcfaba4.pdf, C:\Users\kanis\AI_Engineering_Drawing_Difference\uploads\temp\dfdd1dbb38694bfb928c246ff982bf42.pdf
2026-07-10 15:09:33 | INFO     | modules.preprocess | preprocess.py:221 | Pipeline started: C:\Users\kanis\AI_Engineering_Drawing_Difference\uploads\temp\7ac774b2a73146eeacae91b7fbcfaba4.pdf, C:\Users\kanis\AI_Engineering_Drawing_Difference\uploads\temp\dfdd1dbb38694bfb928c246ff982bf42.pdf
2026-07-10 15:09:33 | INFO     | modules.preprocess | preprocess.py:25 | Loading file: C:\Users\kanis\AI_Engineering_Drawing_Difference\uploads\temp\7ac774b2a73146eeacae91b7fbcfaba4.pdf
2026-07-10 15:09:34 | INFO     | modules.preprocess | preprocess.py:25 | Loading file: C:\Users\kanis\AI_Engineering_Drawing_Difference\uploads\temp\dfdd1dbb38694bfb928c246ff982bf42.pdf
2026-07-10 15:09:34 | INFO     | modules.preprocess | preprocess.py:56 | Resizing images
2026-07-10 15:09:34 | INFO     | modules.preprocess | preprocess.py:90 | Applying Gaussian noise reduction
2026-07-10 15:09:34 | INFO     | modules.preprocess | preprocess.py:113 | Enhancing contrast
2026-07-10 15:09:34 | INFO     | modules.preprocess | preprocess.py:144 | Starting ORB feature alignment
2026-07-10 15:09:35 | INFO     | modules.preprocess | preprocess.py:200 | Normalizing images
2026-07-10 15:09:35 | INFO     | modules.preprocess | preprocess.py:233 | Pipeline completed successfully
2026-07-10 15:09:35 | INFO     | modules.compare | compare.py:157 | Starting image comparison pipeline
2026-07-10 15:09:35 | INFO     | modules.compare | compare.py:18 | Computing SSIM
2026-07-10 15:09:35 | INFO     | modules.compare | compare.py:56 | Applying thresholding
2026-07-10 15:09:35 | INFO     | modules.compare | compare.py:76 | Applying morphological operations
2026-07-10 15:09:35 | INFO     | modules.compare | compare.py:94 | Extracting contours
2026-07-10 15:09:35 | INFO     | modules.compare | compare.py:128 | Computing statistics
2026-07-10 15:09:36 | INFO     | modules.compare | compare.py:175 | Comparison done | SSIM=0.9115 | Regions=30
2026-07-10 15:09:36 | INFO     | modules.summary | summary.py:23 | Generating engineering drawing summary
2026-07-10 15:09:36 | INFO     | modules.summary | summary.py:72 | Summary generation completed successfully
2026-07-10 15:09:36 | INFO     | modules.visualization | visualization.py:184 | Generating visualizations
2026-07-10 15:09:36 | INFO     | modules.visualization | visualization.py:35 | Drawing bounding boxes
2026-07-10 15:09:36 | INFO     | modules.visualization | visualization.py:164 | Saved image: C:\Users\kanis\AI_Engineering_Drawing_Difference\outputs\highlighted\boxes.png
2026-07-10 15:09:36 | INFO     | modules.visualization | visualization.py:62 | Creating heatmap
2026-07-10 15:09:36 | INFO     | modules.visualization | visualization.py:164 | Saved image: C:\Users\kanis\AI_Engineering_Drawing_Difference\outputs\highlighted\heatmap.png
2026-07-10 15:09:36 | INFO     | modules.visualization | visualization.py:90 | Creating overlay
2026-07-10 15:09:36 | INFO     | modules.visualization | visualization.py:62 | Creating heatmap
2026-07-10 15:09:36 | INFO     | modules.visualization | visualization.py:164 | Saved image: C:\Users\kanis\AI_Engineering_Drawing_Difference\outputs\highlighted\overlay.png
2026-07-10 15:09:36 | INFO     | modules.visualization | visualization.py:124 | Creating side-by-side comparison
2026-07-10 15:09:36 | INFO     | modules.visualization | visualization.py:164 | Saved image: C:\Users\kanis\AI_Engineering_Drawing_Difference\outputs\highlighted\side_by_side.png
2026-07-10 15:09:36 | INFO     | modules.visualization | visualization.py:204 | Visualization pipeline completed successfully
2026-07-10 15:09:36 | INFO     | modules.report_generator | report_generator.py:27 | Generating reports (TXT + JSON)
2026-07-10 15:09:36 | INFO     | modules.report_generator | report_generator.py:42 | Report generation completed
2026-07-10 15:09:36 | INFO     | __main__ | app.py:144 | Pipeline completed successfully
2026-07-10 15:38:21 | INFO     | __main__ | app.py:168 | Starting Flask app
2026-07-10 15:38:22 | INFO     | __main__ | app.py:168 | Starting Flask app
2026-07-10 15:38:50 | INFO     | __main__ | app.py:78 | Pipeline started
2026-07-10 15:38:50 | INFO     | __main__ | app.py:94 | Saved files: C:\Users\kanis\AI_Engineering_Drawing_Difference\uploads\temp\3efe391e72c948818288ea411c6c89eb.pdf, C:\Users\kanis\AI_Engineering_Drawing_Difference\uploads\temp\ccb14faa23eb44ddb4cc689187ed06cc.pdf
2026-07-10 15:38:50 | INFO     | modules.preprocess | preprocess.py:266 | Pipeline started: C:\Users\kanis\AI_Engineering_Drawing_Difference\uploads\temp\3efe391e72c948818288ea411c6c89eb.pdf, C:\Users\kanis\AI_Engineering_Drawing_Difference\uploads\temp\ccb14faa23eb44ddb4cc689187ed06cc.pdf
2026-07-10 15:38:50 | INFO     | modules.preprocess | preprocess.py:25 | Loading file: C:\Users\kanis\AI_Engineering_Drawing_Difference\uploads\temp\3efe391e72c948818288ea411c6c89eb.pdf
2026-07-10 15:38:51 | INFO     | modules.preprocess | preprocess.py:25 | Loading file: C:\Users\kanis\AI_Engineering_Drawing_Difference\uploads\temp\ccb14faa23eb44ddb4cc689187ed06cc.pdf
2026-07-10 15:38:51 | INFO     | modules.preprocess | preprocess.py:56 | Resizing images
2026-07-10 15:38:51 | INFO     | modules.preprocess | preprocess.py:90 | Applying Gaussian noise reduction
2026-07-10 15:38:51 | INFO     | modules.preprocess | preprocess.py:113 | Enhancing contrast
2026-07-10 15:38:51 | INFO     | modules.preprocess | preprocess.py:144 | Starting ORB feature alignment
2026-07-10 15:38:52 | INFO     | modules.preprocess | preprocess.py:224 | Alignment accepted (inliers=68/80, ratio=0.85)
2026-07-10 15:38:52 | INFO     | modules.preprocess | preprocess.py:245 | Normalizing images
2026-07-10 15:38:52 | INFO     | modules.preprocess | preprocess.py:278 | Pipeline completed successfully
2026-07-10 15:38:52 | INFO     | modules.compare | compare.py:216 | Starting image comparison pipeline
2026-07-10 15:38:52 | INFO     | modules.compare | compare.py:19 | Computing SSIM
2026-07-10 15:38:52 | INFO     | modules.compare | compare.py:57 | Applying thresholding
2026-07-10 15:38:52 | INFO     | modules.compare | compare.py:93 | Applying morphological operations
2026-07-10 15:38:52 | INFO     | modules.compare | compare.py:123 | Extracting contours
2026-07-10 15:38:52 | WARNING  | modules.compare | compare.py:150 | Discarding oversized region (1920x264, area=506880) - likely a residual alignment artifact, not a real difference
2026-07-10 15:38:52 | INFO     | modules.compare | compare.py:187 | Computing statistics
2026-07-10 15:38:52 | INFO     | modules.compare | compare.py:234 | Comparison done | SSIM=0.9235 | Regions=8
2026-07-10 15:38:52 | INFO     | modules.summary | summary.py:23 | Generating engineering drawing summary
2026-07-10 15:38:52 | INFO     | modules.summary | summary.py:72 | Summary generation completed successfully
2026-07-10 15:38:52 | INFO     | modules.visualization | visualization.py:184 | Generating visualizations
2026-07-10 15:38:52 | INFO     | modules.visualization | visualization.py:35 | Drawing bounding boxes
2026-07-10 15:38:52 | INFO     | modules.visualization | visualization.py:164 | Saved image: C:\Users\kanis\AI_Engineering_Drawing_Difference\outputs\highlighted\boxes.png
2026-07-10 15:38:52 | INFO     | modules.visualization | visualization.py:62 | Creating heatmap
2026-07-10 15:38:52 | INFO     | modules.visualization | visualization.py:164 | Saved image: C:\Users\kanis\AI_Engineering_Drawing_Difference\outputs\highlighted\heatmap.png
2026-07-10 15:38:52 | INFO     | modules.visualization | visualization.py:90 | Creating overlay
2026-07-10 15:38:52 | INFO     | modules.visualization | visualization.py:62 | Creating heatmap
2026-07-10 15:38:52 | INFO     | modules.visualization | visualization.py:164 | Saved image: C:\Users\kanis\AI_Engineering_Drawing_Difference\outputs\highlighted\overlay.png
2026-07-10 15:38:52 | INFO     | modules.visualization | visualization.py:124 | Creating side-by-side comparison
2026-07-10 15:38:52 | INFO     | modules.visualization | visualization.py:164 | Saved image: C:\Users\kanis\AI_Engineering_Drawing_Difference\outputs\highlighted\side_by_side.png
2026-07-10 15:38:52 | INFO     | modules.visualization | visualization.py:204 | Visualization pipeline completed successfully
2026-07-10 15:38:52 | INFO     | modules.report_generator | report_generator.py:27 | Generating reports (TXT + JSON)
2026-07-10 15:38:52 | INFO     | modules.report_generator | report_generator.py:42 | Report generation completed
2026-07-10 15:38:52 | INFO     | __main__ | app.py:144 | Pipeline completed successfully
2026-07-10 15:48:44 | INFO     | __main__ | app.py:168 | Starting Flask app
2026-07-10 15:52:10 | INFO     | __main__ | app.py:168 | Starting Flask app
2026-07-10 15:52:11 | INFO     | __main__ | app.py:168 | Starting Flask app
2026-07-10 15:52:49 | INFO     | __main__ | app.py:78 | Pipeline started
2026-07-10 15:52:49 | INFO     | __main__ | app.py:94 | Saved files: C:\Users\kanis\AI_Engineering_Drawing_Difference\uploads\temp\775c6a9d2bcd4427a1a39a9505cc284c.pdf, C:\Users\kanis\AI_Engineering_Drawing_Difference\uploads\temp\17bb259d499f4af0a041939cfb7784fc.pdf
2026-07-10 15:52:49 | INFO     | modules.preprocess | preprocess.py:266 | Pipeline started: C:\Users\kanis\AI_Engineering_Drawing_Difference\uploads\temp\775c6a9d2bcd4427a1a39a9505cc284c.pdf, C:\Users\kanis\AI_Engineering_Drawing_Difference\uploads\temp\17bb259d499f4af0a041939cfb7784fc.pdf
2026-07-10 15:52:49 | INFO     | modules.preprocess | preprocess.py:25 | Loading file: C:\Users\kanis\AI_Engineering_Drawing_Difference\uploads\temp\775c6a9d2bcd4427a1a39a9505cc284c.pdf
2026-07-10 15:52:49 | INFO     | modules.preprocess | preprocess.py:25 | Loading file: C:\Users\kanis\AI_Engineering_Drawing_Difference\uploads\temp\17bb259d499f4af0a041939cfb7784fc.pdf
2026-07-10 15:52:50 | INFO     | modules.preprocess | preprocess.py:56 | Resizing images
2026-07-10 15:52:50 | INFO     | modules.preprocess | preprocess.py:90 | Applying Gaussian noise reduction
2026-07-10 15:52:50 | INFO     | modules.preprocess | preprocess.py:113 | Enhancing contrast
2026-07-10 15:52:50 | INFO     | modules.preprocess | preprocess.py:144 | Starting ORB feature alignment
2026-07-10 15:52:50 | INFO     | modules.preprocess | preprocess.py:224 | Alignment accepted (inliers=68/80, ratio=0.85)
2026-07-10 15:52:50 | INFO     | modules.preprocess | preprocess.py:245 | Normalizing images
2026-07-10 15:52:50 | INFO     | modules.preprocess | preprocess.py:278 | Pipeline completed successfully
2026-07-10 15:52:50 | INFO     | modules.compare | compare.py:296 | Starting image comparison pipeline
2026-07-10 15:52:50 | INFO     | modules.compare | compare.py:27 | Computing SSIM
2026-07-10 15:52:50 | INFO     | modules.compare | compare.py:70 | Applying thresholding
2026-07-10 15:52:50 | INFO     | modules.compare | compare.py:106 | Applying morphological operations
2026-07-10 15:52:50 | INFO     | modules.compare | compare.py:136 | Extracting contours
2026-07-10 15:52:50 | WARNING  | modules.compare | compare.py:163 | Discarding oversized region (1920x264, area=506880) - likely a residual alignment artifact, not a real difference
2026-07-10 15:52:50 | INFO     | modules.compare | compare.py:215 | Classifying change type per region
2026-07-10 15:52:50 | INFO     | modules.compare | compare.py:260 | Computing statistics
2026-07-10 15:52:50 | INFO     | modules.compare | compare.py:317 | Comparison done | SSIM=0.9235 | Regions=8 | Breakdown={'Added': 0, 'Removed': 0, 'Modified': 8}
2026-07-10 15:52:50 | INFO     | modules.summary | summary.py:23 | Generating engineering drawing summary
2026-07-10 15:52:50 | INFO     | modules.summary | summary.py:78 | Summary generation completed successfully
2026-07-10 15:52:50 | INFO     | modules.visualization | visualization.py:226 | Generating visualizations
2026-07-10 15:52:50 | INFO     | modules.visualization | visualization.py:35 | Drawing bounding boxes
2026-07-10 15:52:50 | INFO     | modules.visualization | visualization.py:206 | Saved image: C:\Users\kanis\AI_Engineering_Drawing_Difference\outputs\highlighted\boxes.png
2026-07-10 15:52:50 | INFO     | modules.visualization | visualization.py:104 | Creating heatmap
2026-07-10 15:52:50 | INFO     | modules.visualization | visualization.py:206 | Saved image: C:\Users\kanis\AI_Engineering_Drawing_Difference\outputs\highlighted\heatmap.png
2026-07-10 15:52:50 | INFO     | modules.visualization | visualization.py:132 | Creating overlay
2026-07-10 15:52:50 | INFO     | modules.visualization | visualization.py:104 | Creating heatmap
2026-07-10 15:52:50 | INFO     | modules.visualization | visualization.py:206 | Saved image: C:\Users\kanis\AI_Engineering_Drawing_Difference\outputs\highlighted\overlay.png
2026-07-10 15:52:50 | INFO     | modules.visualization | visualization.py:166 | Creating side-by-side comparison
2026-07-10 15:52:50 | INFO     | modules.visualization | visualization.py:206 | Saved image: C:\Users\kanis\AI_Engineering_Drawing_Difference\outputs\highlighted\side_by_side.png
2026-07-10 15:52:50 | INFO     | modules.visualization | visualization.py:246 | Visualization pipeline completed successfully
2026-07-10 15:52:50 | INFO     | modules.report_generator | report_generator.py:27 | Generating reports (TXT + JSON)
2026-07-10 15:52:50 | INFO     | modules.report_generator | report_generator.py:42 | Report generation completed
2026-07-10 15:52:50 | INFO     | __main__ | app.py:144 | Pipeline completed successfully
2026-07-10 15:56:09 | INFO     | __main__ | app.py:168 | Starting Flask app
2026-07-10 15:56:26 | INFO     | __main__ | app.py:78 | Pipeline started
2026-07-10 15:56:26 | INFO     | __main__ | app.py:94 | Saved files: C:\Users\kanis\AI_Engineering_Drawing_Difference\uploads\temp\8baf9d2506f54afc8d758daea43d4fed.pdf, C:\Users\kanis\AI_Engineering_Drawing_Difference\uploads\temp\64b6f271c65e4d7389f5758b97f5e2d8.pdf
2026-07-10 15:56:26 | INFO     | modules.preprocess | preprocess.py:266 | Pipeline started: C:\Users\kanis\AI_Engineering_Drawing_Difference\uploads\temp\8baf9d2506f54afc8d758daea43d4fed.pdf, C:\Users\kanis\AI_Engineering_Drawing_Difference\uploads\temp\64b6f271c65e4d7389f5758b97f5e2d8.pdf
2026-07-10 15:56:26 | INFO     | modules.preprocess | preprocess.py:25 | Loading file: C:\Users\kanis\AI_Engineering_Drawing_Difference\uploads\temp\8baf9d2506f54afc8d758daea43d4fed.pdf
2026-07-10 15:56:27 | INFO     | modules.preprocess | preprocess.py:25 | Loading file: C:\Users\kanis\AI_Engineering_Drawing_Difference\uploads\temp\64b6f271c65e4d7389f5758b97f5e2d8.pdf
2026-07-10 15:56:27 | INFO     | modules.preprocess | preprocess.py:56 | Resizing images
2026-07-10 15:56:27 | INFO     | modules.preprocess | preprocess.py:90 | Applying Gaussian noise reduction
2026-07-10 15:56:27 | INFO     | modules.preprocess | preprocess.py:113 | Enhancing contrast
2026-07-10 15:56:27 | INFO     | modules.preprocess | preprocess.py:144 | Starting ORB feature alignment
2026-07-10 15:56:27 | INFO     | modules.preprocess | preprocess.py:224 | Alignment accepted (inliers=68/80, ratio=0.85)
2026-07-10 15:56:27 | INFO     | modules.preprocess | preprocess.py:245 | Normalizing images
2026-07-10 15:56:27 | INFO     | modules.preprocess | preprocess.py:278 | Pipeline completed successfully
2026-07-10 15:56:27 | INFO     | modules.compare | compare.py:296 | Starting image comparison pipeline
2026-07-10 15:56:27 | INFO     | modules.compare | compare.py:27 | Computing SSIM
2026-07-10 15:56:27 | INFO     | modules.compare | compare.py:70 | Applying thresholding
2026-07-10 15:56:27 | INFO     | modules.compare | compare.py:106 | Applying morphological operations
2026-07-10 15:56:27 | INFO     | modules.compare | compare.py:136 | Extracting contours
2026-07-10 15:56:27 | WARNING  | modules.compare | compare.py:163 | Discarding oversized region (1920x264, area=506880) - likely a residual alignment artifact, not a real difference
2026-07-10 15:56:27 | INFO     | modules.compare | compare.py:215 | Classifying change type per region
2026-07-10 15:56:27 | INFO     | modules.compare | compare.py:260 | Computing statistics
2026-07-10 15:56:27 | INFO     | modules.compare | compare.py:317 | Comparison done | SSIM=0.9235 | Regions=8 | Breakdown={'Added': 0, 'Removed': 0, 'Modified': 8}
2026-07-10 15:56:27 | INFO     | modules.summary | summary.py:23 | Generating engineering drawing summary
2026-07-10 15:56:27 | INFO     | modules.summary | summary.py:78 | Summary generation completed successfully
2026-07-10 15:56:27 | INFO     | modules.visualization | visualization.py:258 | Generating visualizations
2026-07-10 15:56:27 | INFO     | modules.visualization | visualization.py:99 | Drawing Before/After annotated pair
2026-07-10 15:56:27 | INFO     | modules.visualization | visualization.py:238 | Saved image: C:\Users\kanis\AI_Engineering_Drawing_Difference\outputs\highlighted\before_annotated.png
2026-07-10 15:56:27 | INFO     | modules.visualization | visualization.py:238 | Saved image: C:\Users\kanis\AI_Engineering_Drawing_Difference\outputs\highlighted\after_annotated.png
2026-07-10 15:56:27 | INFO     | modules.visualization | visualization.py:136 | Creating heatmap
2026-07-10 15:56:27 | INFO     | modules.visualization | visualization.py:238 | Saved image: C:\Users\kanis\AI_Engineering_Drawing_Difference\outputs\highlighted\heatmap.png
2026-07-10 15:56:27 | INFO     | modules.visualization | visualization.py:164 | Creating overlay
2026-07-10 15:56:27 | INFO     | modules.visualization | visualization.py:136 | Creating heatmap
2026-07-10 15:56:27 | INFO     | modules.visualization | visualization.py:238 | Saved image: C:\Users\kanis\AI_Engineering_Drawing_Difference\outputs\highlighted\overlay.png
2026-07-10 15:56:27 | INFO     | modules.visualization | visualization.py:198 | Creating side-by-side comparison
2026-07-10 15:56:28 | INFO     | modules.visualization | visualization.py:238 | Saved image: C:\Users\kanis\AI_Engineering_Drawing_Difference\outputs\highlighted\side_by_side.png
2026-07-10 15:56:28 | INFO     | modules.visualization | visualization.py:283 | Visualization pipeline completed successfully
2026-07-10 15:56:28 | INFO     | modules.report_generator | report_generator.py:27 | Generating reports (TXT + JSON)
2026-07-10 15:56:28 | INFO     | modules.report_generator | report_generator.py:42 | Report generation completed
2026-07-10 15:56:28 | INFO     | __main__ | app.py:144 | Pipeline completed successfully
2026-07-10 20:51:19 | INFO     | __main__ | app.py:168 | Starting Flask app
2026-07-10 20:51:21 | INFO     | __main__ | app.py:168 | Starting Flask app
2026-07-10 20:51:51 | INFO     | __main__ | app.py:78 | Pipeline started
2026-07-10 20:51:51 | INFO     | __main__ | app.py:94 | Saved files: C:\Users\kanis\AI_Engineering_Drawing_Difference\uploads\temp\e20b8c94cde5497ca120d79ff8c3a7e5.pdf, C:\Users\kanis\AI_Engineering_Drawing_Difference\uploads\temp\4a7ecc35286642d5898f0875678974ff.pdf
2026-07-10 20:51:51 | INFO     | modules.preprocess | preprocess.py:266 | Pipeline started: C:\Users\kanis\AI_Engineering_Drawing_Difference\uploads\temp\e20b8c94cde5497ca120d79ff8c3a7e5.pdf, C:\Users\kanis\AI_Engineering_Drawing_Difference\uploads\temp\4a7ecc35286642d5898f0875678974ff.pdf
2026-07-10 20:51:51 | INFO     | modules.preprocess | preprocess.py:25 | Loading file: C:\Users\kanis\AI_Engineering_Drawing_Difference\uploads\temp\e20b8c94cde5497ca120d79ff8c3a7e5.pdf
2026-07-10 20:51:51 | INFO     | modules.preprocess | preprocess.py:25 | Loading file: C:\Users\kanis\AI_Engineering_Drawing_Difference\uploads\temp\4a7ecc35286642d5898f0875678974ff.pdf
2026-07-10 20:51:51 | INFO     | modules.preprocess | preprocess.py:56 | Resizing images
2026-07-10 20:51:52 | INFO     | modules.preprocess | preprocess.py:90 | Applying Gaussian noise reduction
2026-07-10 20:51:52 | INFO     | modules.preprocess | preprocess.py:113 | Enhancing contrast
2026-07-10 20:51:52 | INFO     | modules.preprocess | preprocess.py:144 | Starting ORB feature alignment
2026-07-10 20:51:52 | INFO     | modules.preprocess | preprocess.py:224 | Alignment accepted (inliers=68/80, ratio=0.85)
2026-07-10 20:51:52 | INFO     | modules.preprocess | preprocess.py:245 | Normalizing images
2026-07-10 20:51:53 | INFO     | modules.preprocess | preprocess.py:278 | Pipeline completed successfully
2026-07-10 20:51:53 | INFO     | modules.compare | compare.py:296 | Starting image comparison pipeline
2026-07-10 20:51:53 | INFO     | modules.compare | compare.py:27 | Computing SSIM
2026-07-10 20:51:53 | INFO     | modules.compare | compare.py:70 | Applying thresholding
2026-07-10 20:51:53 | INFO     | modules.compare | compare.py:106 | Applying morphological operations
2026-07-10 20:51:53 | INFO     | modules.compare | compare.py:136 | Extracting contours
2026-07-10 20:51:53 | WARNING  | modules.compare | compare.py:163 | Discarding oversized region (1920x264, area=506880) - likely a residual alignment artifact, not a real difference
2026-07-10 20:51:53 | INFO     | modules.compare | compare.py:215 | Classifying change type per region
2026-07-10 20:51:53 | INFO     | modules.compare | compare.py:260 | Computing statistics
2026-07-10 20:51:53 | INFO     | modules.compare | compare.py:317 | Comparison done | SSIM=0.9235 | Regions=8 | Breakdown={'Added': 0, 'Removed': 0, 'Modified': 8}
2026-07-10 20:51:53 | INFO     | modules.summary | summary.py:23 | Generating engineering drawing summary
2026-07-10 20:51:53 | INFO     | modules.summary | summary.py:78 | Summary generation completed successfully
2026-07-10 20:51:53 | INFO     | modules.visualization | visualization.py:258 | Generating visualizations
2026-07-10 20:51:53 | INFO     | modules.visualization | visualization.py:99 | Drawing Before/After annotated pair
2026-07-10 20:51:53 | INFO     | modules.visualization | visualization.py:238 | Saved image: C:\Users\kanis\AI_Engineering_Drawing_Difference\outputs\highlighted\before_annotated.png
2026-07-10 20:51:53 | INFO     | modules.visualization | visualization.py:238 | Saved image: C:\Users\kanis\AI_Engineering_Drawing_Difference\outputs\highlighted\after_annotated.png
2026-07-10 20:51:53 | INFO     | modules.visualization | visualization.py:136 | Creating heatmap
2026-07-10 20:51:53 | INFO     | modules.visualization | visualization.py:238 | Saved image: C:\Users\kanis\AI_Engineering_Drawing_Difference\outputs\highlighted\heatmap.png
2026-07-10 20:51:53 | INFO     | modules.visualization | visualization.py:164 | Creating overlay
2026-07-10 20:51:53 | INFO     | modules.visualization | visualization.py:136 | Creating heatmap
2026-07-10 20:51:54 | INFO     | modules.visualization | visualization.py:238 | Saved image: C:\Users\kanis\AI_Engineering_Drawing_Difference\outputs\highlighted\overlay.png
2026-07-10 20:51:54 | INFO     | modules.visualization | visualization.py:198 | Creating side-by-side comparison
2026-07-10 20:51:54 | INFO     | modules.visualization | visualization.py:238 | Saved image: C:\Users\kanis\AI_Engineering_Drawing_Difference\outputs\highlighted\side_by_side.png
2026-07-10 20:51:54 | INFO     | modules.visualization | visualization.py:283 | Visualization pipeline completed successfully
2026-07-10 20:51:54 | INFO     | modules.report_generator | report_generator.py:27 | Generating reports (TXT + JSON)
2026-07-10 20:51:54 | INFO     | modules.report_generator | report_generator.py:42 | Report generation completed
2026-07-10 20:51:54 | INFO     | __main__ | app.py:144 | Pipeline completed successfully
2026-07-10 22:04:32 | INFO     | modules.llm_analyzer | llm_analyzer.py:31 | Loading environment variables from C:\Users\kanis\AI_Engineering_Drawing_Difference\.env
2026-07-10 22:04:32 | INFO     | modules.llm_analyzer | llm_analyzer.py:64 | Preparing LLM drawing revision analysis request
2026-07-10 22:04:32 | INFO     | modules.llm_analyzer | llm_analyzer.py:134 | Sending request to Gemini API endpoint
2026-07-10 22:04:32 | INFO     | modules.llm_analyzer | llm_analyzer.py:151 | LLM drawing analysis generated successfully
2026-07-10 22:30:15 | INFO     | modules.llm_analyzer | llm_analyzer.py:31 | Loading environment variables from C:\Users\kanis\AI_Engineering_Drawing_Difference\.env
2026-07-10 22:30:15 | INFO     | __main__ | app.py:183 | Starting Flask app
2026-07-10 22:30:17 | INFO     | modules.llm_analyzer | llm_analyzer.py:31 | Loading environment variables from C:\Users\kanis\AI_Engineering_Drawing_Difference\.env
2026-07-10 22:30:17 | INFO     | __main__ | app.py:183 | Starting Flask app
2026-07-10 22:30:48 | INFO     | __main__ | app.py:82 | Pipeline started
2026-07-10 22:30:48 | INFO     | __main__ | app.py:98 | Saved files: C:\Users\kanis\AI_Engineering_Drawing_Difference\uploads\temp\25085ce3cff34c389e8d17e3c23aef19.pdf, C:\Users\kanis\AI_Engineering_Drawing_Difference\uploads\temp\26e8dd50d0cb426f92e2f4d643bf57c4.pdf
2026-07-10 22:30:48 | INFO     | modules.preprocess | preprocess.py:266 | Pipeline started: C:\Users\kanis\AI_Engineering_Drawing_Difference\uploads\temp\25085ce3cff34c389e8d17e3c23aef19.pdf, C:\Users\kanis\AI_Engineering_Drawing_Difference\uploads\temp\26e8dd50d0cb426f92e2f4d643bf57c4.pdf
2026-07-10 22:30:48 | INFO     | modules.preprocess | preprocess.py:25 | Loading file: C:\Users\kanis\AI_Engineering_Drawing_Difference\uploads\temp\25085ce3cff34c389e8d17e3c23aef19.pdf
2026-07-10 22:30:48 | INFO     | modules.preprocess | preprocess.py:25 | Loading file: C:\Users\kanis\AI_Engineering_Drawing_Difference\uploads\temp\26e8dd50d0cb426f92e2f4d643bf57c4.pdf
2026-07-10 22:30:49 | INFO     | modules.preprocess | preprocess.py:56 | Resizing images
2026-07-10 22:30:49 | INFO     | modules.preprocess | preprocess.py:90 | Applying Gaussian noise reduction
2026-07-10 22:30:49 | INFO     | modules.preprocess | preprocess.py:113 | Enhancing contrast
2026-07-10 22:30:49 | INFO     | modules.preprocess | preprocess.py:144 | Starting ORB feature alignment
2026-07-10 22:30:50 | INFO     | modules.preprocess | preprocess.py:224 | Alignment accepted (inliers=68/80, ratio=0.85)
2026-07-10 22:30:50 | INFO     | modules.preprocess | preprocess.py:245 | Normalizing images
2026-07-10 22:30:50 | INFO     | modules.preprocess | preprocess.py:278 | Pipeline completed successfully
2026-07-10 22:30:50 | INFO     | modules.compare | compare.py:296 | Starting image comparison pipeline
2026-07-10 22:30:50 | INFO     | modules.compare | compare.py:27 | Computing SSIM
2026-07-10 22:30:50 | INFO     | modules.compare | compare.py:70 | Applying thresholding
2026-07-10 22:30:51 | INFO     | modules.compare | compare.py:106 | Applying morphological operations
2026-07-10 22:30:51 | INFO     | modules.compare | compare.py:136 | Extracting contours
2026-07-10 22:30:51 | WARNING  | modules.compare | compare.py:163 | Discarding oversized region (1920x264, area=506880) - likely a residual alignment artifact, not a real difference
2026-07-10 22:30:51 | INFO     | modules.compare | compare.py:215 | Classifying change type per region
2026-07-10 22:30:51 | INFO     | modules.compare | compare.py:260 | Computing statistics
2026-07-10 22:30:51 | INFO     | modules.compare | compare.py:317 | Comparison done | SSIM=0.9235 | Regions=8 | Breakdown={'Added': 0, 'Removed': 0, 'Modified': 8}
2026-07-10 22:30:52 | INFO     | modules.ocr_extractor | ocr_extractor.py:165 | Running OCR on 8 region(s)
2026-07-10 22:30:52 | ERROR    | __main__ | app.py:169 | Pipeline failed: OpenCV(4.10.0) D:\a\opencv-python\opencv-python\opencv\modules\imgproc\src\thresh.cpp:1559: error: (-2:Unspecified error) in function 'double __cdecl cv::threshold(const class cv::_InputArray &,const class cv::_OutputArray &,double,double,int)'
> THRESH_OTSU mode:
>     'src_type == CV_8UC1 || src_type == CV_16UC1'
> where
>     'src_type' is 5 (CV_32FC1)

2026-07-10 22:33:57 | INFO     | modules.llm_analyzer | llm_analyzer.py:31 | Loading environment variables from C:\Users\kanis\AI_Engineering_Drawing_Difference\.env
2026-07-10 22:33:57 | INFO     | modules.llm_analyzer | llm_analyzer.py:64 | Preparing LLM drawing revision analysis request
2026-07-10 22:33:57 | INFO     | modules.llm_analyzer | llm_analyzer.py:134 | Sending request to Gemini API endpoint
2026-07-10 22:33:57 | INFO     | modules.llm_analyzer | llm_analyzer.py:151 | LLM drawing analysis generated successfully
2026-07-10 22:39:00 | INFO     | modules.llm_analyzer | llm_analyzer.py:31 | Loading environment variables from C:\Users\kanis\AI_Engineering_Drawing_Difference\.env
2026-07-10 22:39:00 | INFO     | modules.llm_analyzer | llm_analyzer.py:64 | Preparing LLM drawing revision analysis request
2026-07-10 22:39:00 | INFO     | modules.llm_analyzer | llm_analyzer.py:134 | Sending request to Gemini API endpoint
2026-07-10 22:39:00 | INFO     | modules.llm_analyzer | llm_analyzer.py:151 | LLM drawing analysis generated successfully
2026-07-10 22:42:03 | INFO     | modules.llm_analyzer | llm_analyzer.py:31 | Loading environment variables from C:\Users\kanis\AI_Engineering_Drawing_Difference\.env
2026-07-10 22:42:03 | INFO     | __main__ | app.py:183 | Starting Flask app
2026-07-10 22:42:04 | INFO     | modules.llm_analyzer | llm_analyzer.py:31 | Loading environment variables from C:\Users\kanis\AI_Engineering_Drawing_Difference\.env
2026-07-10 22:42:04 | INFO     | __main__ | app.py:183 | Starting Flask app
2026-07-10 22:42:34 | INFO     | __main__ | app.py:82 | Pipeline started
2026-07-10 22:42:34 | INFO     | __main__ | app.py:98 | Saved files: C:\Users\kanis\AI_Engineering_Drawing_Difference\uploads\temp\24ff73e0d35e4287abd2403ba2c7d4bc.pdf, C:\Users\kanis\AI_Engineering_Drawing_Difference\uploads\temp\79501c54dc4e4cdeb45970572e938e75.pdf
2026-07-10 22:42:34 | INFO     | modules.preprocess | preprocess.py:266 | Pipeline started: C:\Users\kanis\AI_Engineering_Drawing_Difference\uploads\temp\24ff73e0d35e4287abd2403ba2c7d4bc.pdf, C:\Users\kanis\AI_Engineering_Drawing_Difference\uploads\temp\79501c54dc4e4cdeb45970572e938e75.pdf
2026-07-10 22:42:34 | INFO     | modules.preprocess | preprocess.py:25 | Loading file: C:\Users\kanis\AI_Engineering_Drawing_Difference\uploads\temp\24ff73e0d35e4287abd2403ba2c7d4bc.pdf
2026-07-10 22:42:35 | INFO     | modules.preprocess | preprocess.py:25 | Loading file: C:\Users\kanis\AI_Engineering_Drawing_Difference\uploads\temp\79501c54dc4e4cdeb45970572e938e75.pdf
2026-07-10 22:42:35 | INFO     | modules.preprocess | preprocess.py:56 | Resizing images
2026-07-10 22:42:35 | INFO     | modules.preprocess | preprocess.py:90 | Applying Gaussian noise reduction
2026-07-10 22:42:35 | INFO     | modules.preprocess | preprocess.py:113 | Enhancing contrast
2026-07-10 22:42:35 | INFO     | modules.preprocess | preprocess.py:144 | Starting ORB feature alignment
2026-07-10 22:42:36 | INFO     | modules.preprocess | preprocess.py:224 | Alignment accepted (inliers=68/80, ratio=0.85)
2026-07-10 22:42:36 | INFO     | modules.preprocess | preprocess.py:245 | Normalizing images
2026-07-10 22:42:36 | INFO     | modules.preprocess | preprocess.py:278 | Pipeline completed successfully
2026-07-10 22:42:36 | INFO     | modules.compare | compare.py:296 | Starting image comparison pipeline
2026-07-10 22:42:36 | INFO     | modules.compare | compare.py:27 | Computing SSIM
2026-07-10 22:42:37 | INFO     | modules.compare | compare.py:70 | Applying thresholding
2026-07-10 22:42:37 | INFO     | modules.compare | compare.py:106 | Applying morphological operations
2026-07-10 22:42:37 | INFO     | modules.compare | compare.py:136 | Extracting contours
2026-07-10 22:42:37 | WARNING  | modules.compare | compare.py:163 | Discarding oversized region (1920x264, area=506880) - likely a residual alignment artifact, not a real difference
2026-07-10 22:42:37 | INFO     | modules.compare | compare.py:215 | Classifying change type per region
2026-07-10 22:42:37 | INFO     | modules.compare | compare.py:260 | Computing statistics
2026-07-10 22:42:37 | INFO     | modules.compare | compare.py:317 | Comparison done | SSIM=0.9235 | Regions=8 | Breakdown={'Added': 0, 'Removed': 0, 'Modified': 8}
2026-07-10 22:42:38 | INFO     | modules.ocr_extractor | ocr_extractor.py:169 | Running OCR on 8 region(s)
2026-07-10 22:42:42 | INFO     | modules.ocr_extractor | ocr_extractor.py:188 | OCR extraction completed
2026-07-10 22:42:42 | WARNING  | modules.llm_analyzer | llm_analyzer.py:55 | Gemini API key is not configured. Skipping LLM report generation.
2026-07-10 22:42:42 | INFO     | modules.summary | summary.py:23 | Generating engineering drawing summary
2026-07-10 22:42:42 | INFO     | modules.summary | summary.py:78 | Summary generation completed successfully
2026-07-10 22:42:42 | INFO     | modules.visualization | visualization.py:258 | Generating visualizations
2026-07-10 22:42:42 | INFO     | modules.visualization | visualization.py:99 | Drawing Before/After annotated pair
2026-07-10 22:42:42 | INFO     | modules.visualization | visualization.py:238 | Saved image: C:\Users\kanis\AI_Engineering_Drawing_Difference\outputs\highlighted\before_annotated.png
2026-07-10 22:42:42 | INFO     | modules.visualization | visualization.py:238 | Saved image: C:\Users\kanis\AI_Engineering_Drawing_Difference\outputs\highlighted\after_annotated.png
2026-07-10 22:42:42 | INFO     | modules.visualization | visualization.py:136 | Creating heatmap
2026-07-10 22:42:43 | INFO     | modules.visualization | visualization.py:238 | Saved image: C:\Users\kanis\AI_Engineering_Drawing_Difference\outputs\highlighted\heatmap.png
2026-07-10 22:42:43 | INFO     | modules.visualization | visualization.py:164 | Creating overlay
2026-07-10 22:42:43 | INFO     | modules.visualization | visualization.py:136 | Creating heatmap
2026-07-10 22:42:43 | INFO     | modules.visualization | visualization.py:238 | Saved image: C:\Users\kanis\AI_Engineering_Drawing_Difference\outputs\highlighted\overlay.png
2026-07-10 22:42:43 | INFO     | modules.visualization | visualization.py:198 | Creating side-by-side comparison
2026-07-10 22:42:43 | INFO     | modules.visualization | visualization.py:238 | Saved image: C:\Users\kanis\AI_Engineering_Drawing_Difference\outputs\highlighted\side_by_side.png
2026-07-10 22:42:43 | INFO     | modules.visualization | visualization.py:283 | Visualization pipeline completed successfully
2026-07-10 22:42:43 | INFO     | modules.report_generator | report_generator.py:28 | Generating reports (TXT + JSON)
2026-07-10 22:42:43 | INFO     | modules.report_generator | report_generator.py:48 | Saved separate LLM markdown report to outputs\reports\llm_report.md
2026-07-10 22:42:43 | INFO     | modules.report_generator | report_generator.py:50 | Report generation completed
2026-07-10 22:42:43 | INFO     | __main__ | app.py:157 | Pipeline completed successfully
2026-07-10 22:45:16 | INFO     | modules.llm_analyzer | llm_analyzer.py:31 | Loading environment variables from C:\Users\kanis\AI_Engineering_Drawing_Difference\.env
2026-07-10 23:04:27 | INFO     | modules.llm_analyzer | llm_analyzer.py:31 | Loading environment variables from C:\Users\kanis\AI_Engineering_Drawing_Difference\.env
2026-07-10 23:04:27 | INFO     | modules.llm_analyzer | llm_analyzer.py:67 | Preparing LLM drawing revision analysis request
2026-07-10 23:04:27 | INFO     | modules.llm_analyzer | llm_analyzer.py:140 | Sending request to Gemini API endpoint
2026-07-10 23:04:28 | INFO     | modules.llm_analyzer | llm_analyzer.py:161 | LLM response received. Parsing JSON.
2026-07-10 23:04:28 | WARNING  | modules.llm_analyzer | llm_analyzer.py:192 | Failed to parse structured JSON from LLM response: Expecting value: line 1 column 1 (char 0)
2026-07-10 23:08:36 | INFO     | modules.llm_analyzer | llm_analyzer.py:31 | Loading environment variables from C:\Users\kanis\AI_Engineering_Drawing_Difference\.env
2026-07-10 23:08:36 | INFO     | __main__ | app.py:183 | Starting Flask app
2026-07-10 23:08:38 | INFO     | modules.llm_analyzer | llm_analyzer.py:31 | Loading environment variables from C:\Users\kanis\AI_Engineering_Drawing_Difference\.env
2026-07-10 23:08:38 | INFO     | __main__ | app.py:183 | Starting Flask app
2026-07-10 23:09:01 | INFO     | __main__ | app.py:82 | Pipeline started
2026-07-10 23:09:01 | INFO     | __main__ | app.py:98 | Saved files: C:\Users\kanis\AI_Engineering_Drawing_Difference\uploads\temp\3f9bd30e8c424518bd78689018b90e4f.pdf, C:\Users\kanis\AI_Engineering_Drawing_Difference\uploads\temp\f9d2d5f67e3e40699421d19fbf8db919.pdf
2026-07-10 23:09:01 | INFO     | modules.preprocess | preprocess.py:266 | Pipeline started: C:\Users\kanis\AI_Engineering_Drawing_Difference\uploads\temp\3f9bd30e8c424518bd78689018b90e4f.pdf, C:\Users\kanis\AI_Engineering_Drawing_Difference\uploads\temp\f9d2d5f67e3e40699421d19fbf8db919.pdf
2026-07-10 23:09:01 | INFO     | modules.preprocess | preprocess.py:25 | Loading file: C:\Users\kanis\AI_Engineering_Drawing_Difference\uploads\temp\3f9bd30e8c424518bd78689018b90e4f.pdf
2026-07-10 23:09:01 | INFO     | modules.preprocess | preprocess.py:25 | Loading file: C:\Users\kanis\AI_Engineering_Drawing_Difference\uploads\temp\f9d2d5f67e3e40699421d19fbf8db919.pdf
2026-07-10 23:09:01 | INFO     | modules.preprocess | preprocess.py:56 | Resizing images
2026-07-10 23:09:01 | INFO     | modules.preprocess | preprocess.py:90 | Applying Gaussian noise reduction
2026-07-10 23:09:01 | INFO     | modules.preprocess | preprocess.py:113 | Enhancing contrast
2026-07-10 23:09:01 | INFO     | modules.preprocess | preprocess.py:144 | Starting ORB feature alignment
2026-07-10 23:09:02 | INFO     | modules.preprocess | preprocess.py:224 | Alignment accepted (inliers=68/80, ratio=0.85)
2026-07-10 23:09:02 | INFO     | modules.preprocess | preprocess.py:245 | Normalizing images
2026-07-10 23:09:02 | INFO     | modules.preprocess | preprocess.py:278 | Pipeline completed successfully
2026-07-10 23:09:02 | INFO     | modules.compare | compare.py:306 | Starting image comparison pipeline
2026-07-10 23:09:02 | INFO     | modules.compare | compare.py:27 | Computing SSIM
2026-07-10 23:09:02 | INFO     | modules.compare | compare.py:70 | Applying thresholding
2026-07-10 23:09:02 | INFO     | modules.compare | compare.py:106 | Applying morphological operations
2026-07-10 23:09:02 | INFO     | modules.compare | compare.py:136 | Extracting contours
2026-07-10 23:09:02 | INFO     | modules.compare | compare.py:225 | Classifying change type per region
2026-07-10 23:09:02 | INFO     | modules.compare | compare.py:270 | Computing statistics
2026-07-10 23:09:02 | INFO     | modules.compare | compare.py:327 | Comparison done | SSIM=0.9235 | Regions=15 | Breakdown={'Added': 0, 'Removed': 0, 'Modified': 15}
2026-07-10 23:09:02 | INFO     | modules.ocr_extractor | ocr_extractor.py:169 | Running OCR on 15 region(s)
2026-07-10 23:09:08 | INFO     | modules.ocr_extractor | ocr_extractor.py:188 | OCR extraction completed
2026-07-10 23:09:08 | INFO     | modules.llm_analyzer | llm_analyzer.py:67 | Preparing LLM drawing revision analysis request
2026-07-10 23:09:08 | INFO     | modules.llm_analyzer | llm_analyzer.py:140 | Sending request to Gemini API endpoint
2026-07-10 23:09:36 | INFO     | modules.llm_analyzer | llm_analyzer.py:161 | LLM response received. Parsing JSON.
2026-07-10 23:09:36 | INFO     | modules.llm_analyzer | llm_analyzer.py:188 | LLM drawing analysis and region metadata mapped successfully
2026-07-10 23:09:36 | INFO     | modules.summary | summary.py:23 | Generating engineering drawing summary
2026-07-10 23:09:36 | INFO     | modules.summary | summary.py:78 | Summary generation completed successfully
2026-07-10 23:09:36 | INFO     | modules.visualization | visualization.py:258 | Generating visualizations
2026-07-10 23:09:36 | INFO     | modules.visualization | visualization.py:99 | Drawing Before/After annotated pair
2026-07-10 23:09:37 | INFO     | modules.visualization | visualization.py:238 | Saved image: C:\Users\kanis\AI_Engineering_Drawing_Difference\outputs\highlighted\before_annotated.png
2026-07-10 23:09:37 | INFO     | modules.visualization | visualization.py:238 | Saved image: C:\Users\kanis\AI_Engineering_Drawing_Difference\outputs\highlighted\after_annotated.png
2026-07-10 23:09:37 | INFO     | modules.visualization | visualization.py:136 | Creating heatmap
2026-07-10 23:09:37 | INFO     | modules.visualization | visualization.py:238 | Saved image: C:\Users\kanis\AI_Engineering_Drawing_Difference\outputs\highlighted\heatmap.png
2026-07-10 23:09:37 | INFO     | modules.visualization | visualization.py:164 | Creating overlay
2026-07-10 23:09:37 | INFO     | modules.visualization | visualization.py:136 | Creating heatmap
2026-07-10 23:09:37 | INFO     | modules.visualization | visualization.py:238 | Saved image: C:\Users\kanis\AI_Engineering_Drawing_Difference\outputs\highlighted\overlay.png
2026-07-10 23:09:37 | INFO     | modules.visualization | visualization.py:198 | Creating side-by-side comparison
2026-07-10 23:09:37 | INFO     | modules.visualization | visualization.py:238 | Saved image: C:\Users\kanis\AI_Engineering_Drawing_Difference\outputs\highlighted\side_by_side.png
2026-07-10 23:09:37 | INFO     | modules.visualization | visualization.py:283 | Visualization pipeline completed successfully
2026-07-10 23:09:37 | INFO     | modules.report_generator | report_generator.py:28 | Generating reports (TXT + JSON)
2026-07-10 23:09:37 | INFO     | modules.report_generator | report_generator.py:48 | Saved separate LLM markdown report to outputs\reports\llm_report.md
2026-07-10 23:09:37 | INFO     | modules.report_generator | report_generator.py:50 | Report generation completed
2026-07-10 23:09:37 | INFO     | __main__ | app.py:157 | Pipeline completed successfully
2026-07-10 23:10:40 | INFO     | __main__ | app.py:82 | Pipeline started
2026-07-10 23:10:40 | INFO     | __main__ | app.py:98 | Saved files: C:\Users\kanis\AI_Engineering_Drawing_Difference\uploads\temp\c4cf4af2c67c47f7ab4a99139cdab0a8.pdf, C:\Users\kanis\AI_Engineering_Drawing_Difference\uploads\temp\8ebcbf2ef3d7414fa37a9f8250b6e45f.pdf
2026-07-10 23:10:40 | INFO     | modules.preprocess | preprocess.py:266 | Pipeline started: C:\Users\kanis\AI_Engineering_Drawing_Difference\uploads\temp\c4cf4af2c67c47f7ab4a99139cdab0a8.pdf, C:\Users\kanis\AI_Engineering_Drawing_Difference\uploads\temp\8ebcbf2ef3d7414fa37a9f8250b6e45f.pdf
2026-07-10 23:10:40 | INFO     | modules.preprocess | preprocess.py:25 | Loading file: C:\Users\kanis\AI_Engineering_Drawing_Difference\uploads\temp\c4cf4af2c67c47f7ab4a99139cdab0a8.pdf
2026-07-10 23:10:41 | INFO     | modules.preprocess | preprocess.py:25 | Loading file: C:\Users\kanis\AI_Engineering_Drawing_Difference\uploads\temp\8ebcbf2ef3d7414fa37a9f8250b6e45f.pdf
2026-07-10 23:10:41 | INFO     | modules.preprocess | preprocess.py:56 | Resizing images
2026-07-10 23:10:41 | INFO     | modules.preprocess | preprocess.py:90 | Applying Gaussian noise reduction
2026-07-10 23:10:42 | INFO     | modules.preprocess | preprocess.py:113 | Enhancing contrast
2026-07-10 23:10:42 | INFO     | modules.preprocess | preprocess.py:144 | Starting ORB feature alignment
2026-07-10 23:10:43 | INFO     | modules.preprocess | preprocess.py:224 | Alignment accepted (inliers=68/80, ratio=0.85)
2026-07-10 23:10:43 | INFO     | modules.preprocess | preprocess.py:245 | Normalizing images
2026-07-10 23:10:43 | INFO     | modules.preprocess | preprocess.py:278 | Pipeline completed successfully
2026-07-10 23:10:43 | INFO     | modules.compare | compare.py:306 | Starting image comparison pipeline
2026-07-10 23:10:43 | INFO     | modules.compare | compare.py:27 | Computing SSIM
2026-07-10 23:10:44 | INFO     | modules.compare | compare.py:70 | Applying thresholding
2026-07-10 23:10:44 | INFO     | modules.compare | compare.py:106 | Applying morphological operations
2026-07-10 23:10:44 | INFO     | modules.compare | compare.py:136 | Extracting contours
2026-07-10 23:10:44 | INFO     | modules.compare | compare.py:225 | Classifying change type per region
2026-07-10 23:10:44 | INFO     | modules.compare | compare.py:270 | Computing statistics
2026-07-10 23:10:44 | INFO     | modules.compare | compare.py:327 | Comparison done | SSIM=0.9235 | Regions=15 | Breakdown={'Added': 0, 'Removed': 0, 'Modified': 15}
2026-07-10 23:10:44 | INFO     | modules.ocr_extractor | ocr_extractor.py:169 | Running OCR on 15 region(s)
2026-07-10 23:10:50 | INFO     | modules.ocr_extractor | ocr_extractor.py:188 | OCR extraction completed
2026-07-10 23:10:50 | INFO     | modules.llm_analyzer | llm_analyzer.py:67 | Preparing LLM drawing revision analysis request
2026-07-10 23:10:50 | INFO     | modules.llm_analyzer | llm_analyzer.py:140 | Sending request to Gemini API endpoint
2026-07-10 23:11:18 | INFO     | modules.llm_analyzer | llm_analyzer.py:161 | LLM response received. Parsing JSON.
2026-07-10 23:11:18 | INFO     | modules.llm_analyzer | llm_analyzer.py:188 | LLM drawing analysis and region metadata mapped successfully
2026-07-10 23:11:18 | INFO     | modules.summary | summary.py:23 | Generating engineering drawing summary
2026-07-10 23:11:18 | INFO     | modules.summary | summary.py:78 | Summary generation completed successfully
2026-07-10 23:11:18 | INFO     | modules.visualization | visualization.py:258 | Generating visualizations
2026-07-10 23:11:18 | INFO     | modules.visualization | visualization.py:99 | Drawing Before/After annotated pair
2026-07-10 23:11:18 | INFO     | modules.visualization | visualization.py:238 | Saved image: C:\Users\kanis\AI_Engineering_Drawing_Difference\outputs\highlighted\before_annotated.png
2026-07-10 23:11:18 | INFO     | modules.visualization | visualization.py:238 | Saved image: C:\Users\kanis\AI_Engineering_Drawing_Difference\outputs\highlighted\after_annotated.png
2026-07-10 23:11:18 | INFO     | modules.visualization | visualization.py:136 | Creating heatmap
2026-07-10 23:11:18 | INFO     | modules.visualization | visualization.py:238 | Saved image: C:\Users\kanis\AI_Engineering_Drawing_Difference\outputs\highlighted\heatmap.png
2026-07-10 23:11:18 | INFO     | modules.visualization | visualization.py:164 | Creating overlay
2026-07-10 23:11:18 | INFO     | modules.visualization | visualization.py:136 | Creating heatmap
2026-07-10 23:11:18 | INFO     | modules.visualization | visualization.py:238 | Saved image: C:\Users\kanis\AI_Engineering_Drawing_Difference\outputs\highlighted\overlay.png
2026-07-10 23:11:18 | INFO     | modules.visualization | visualization.py:198 | Creating side-by-side comparison
2026-07-10 23:11:18 | INFO     | modules.visualization | visualization.py:238 | Saved image: C:\Users\kanis\AI_Engineering_Drawing_Difference\outputs\highlighted\side_by_side.png
2026-07-10 23:11:18 | INFO     | modules.visualization | visualization.py:283 | Visualization pipeline completed successfully
2026-07-10 23:11:18 | INFO     | modules.report_generator | report_generator.py:28 | Generating reports (TXT + JSON)
2026-07-10 23:11:18 | INFO     | modules.report_generator | report_generator.py:48 | Saved separate LLM markdown report to outputs\reports\llm_report.md
2026-07-10 23:11:18 | INFO     | modules.report_generator | report_generator.py:50 | Report generation completed
2026-07-10 23:11:18 | INFO     | __main__ | app.py:157 | Pipeline completed successfully
